Country,Alcohol Consumption,GDP,Christian,Muslim,Irreligion,Hindu,Buddhist,Folk religion,Other religion,Jewish,Democracy,Education,Wine,Year,Depression,Homicides
Afghanistan,0.0,345.93,0.01,99.7,0.0,0.0,0.0,0.0,0.06,0.0,0.3,1.69,0.0,2005,293.9685039370079,293.9685039370079
Albania,7.65,2675.51,18.0,80.3,1.4,0.0,0.0,0.0,0.2,0.0,0.42,9.08,17144.0,2005,158.0,158.0
Algeria,0.81,3752.1,1.0,98.0,1.8,0.0,0.0,0.2,0.0,0.8,0.25,7.04,90000.0,2005,488.0,488.0
Andorra,12.55,39782.93,89.5,0.8,8.8,0.5,0.0,0.0,0.1,0.3,0,10.09,0.0,2005,293.9685039370079,293.9685039370079
Angola,4.89,3220.08,90.5,1.0,5.1,0.0,0.0,4.2,0.0,0.0,0.09,3.63,0.0,2005,293.9685039370079,293.9685039370079
Antigua and Barbuda,5.37,15122.19,93.0,0.6,1.7,0.2,0.0,3.6,1.0,0.0,0,9.12,0.0,2005,5.0,5.0
Argentina,8.66,11192.18,85.2,1.0,12.2,0.0,0.05,0.8,0.3,0.5,0.63,10.1,1522200.0,2005,293.9685039370079,293.9685039370079
Armenia,5.79,2364.18,98.5,0.0,1.3,0.0,0.0,0.0,0.1,0.0,0.18,10.77,7305.0,2005,123.0,123.0
Australia,12.08,50332.88,43.9,3.2,38.9,2.7,2.4,1.3,0.8,0.4,0.8,11.55,1433827.0,2005,255.0,255.0
Austria,12.79,41281.27,68.2,8.3,13.5,0.0,0.2,0.0,0.1,0.0,0.77,11.56,226402.0,2005,70.0,70.0
Azerbaijan,1.81,2631.76,3.0,96.9,0.0,0.0,0.0,0.0,0.0,0.0,0.05,10.58,4378.0,2005,223.0,223.0
Bahamas,4.28,35637.79,96.0,0.1,3.1,0.0,0.0,0.3,0.3,0.0,0,11.45,0.0,2005,57.0,57.0
Bahrain,1.76,22343.54,14.5,70.3,1.9,9.8,2.5,0.0,0.2,0.6,0.14,8.2,0.0,2005,8.0,8.0
Bangladesh,0.16,769.14,0.3,91.04,0.0,7.95,0.61,0.4,0.12,0.0,0.19,4.72,0.0,2005,293.9685039370079,293.9685039370079
Barbados,7.4,16921.94,95.2,1.0,1.9,0.4,0.0,0.0,1.4,0.0,0.65,9.52,0.0,2005,33.0,33.0
Belarus,15.3,3880.01,71.2,0.2,28.6,0.0,0.0,0.0,0.0,0.0,0.09,10.82,15720.0,2005,898.0,898.0
Belgium,13.13,38426.05,64.25,5.9,29.0,0.0,0.2,0.2,0.0,0.3,0.79,11.03,4000.0,2005,199.0,199.0
Belize,7.16,4773.62,87.6,0.1,8.9,0.2,0.5,1.5,0.1,1.0,0,8.03,0.0,2005,83.0,83.0
Benin,2.23,943.63,48.0,28.0,6.0,0.0,0.0,18.0,0.0,0.0,0.57,2.64,0.0,2005,570.0,570.0
Bhutan,1.6,1489.21,0.0,0.0,0.0,25.0,74.7,1.9,0.0,0.0,0.21,7.540303030303032,0.0,2005,14.0,14.0
Bolivia,4.37,2186.19,93.9,0.0,4.1,0.0,0.0,0.9,1.0,0.0,0.64,6.97,7223.0,2005,649.0,649.0
Bosnia and Herzegovina,7.2,3501.56,45.9,50.7,2.5,0.0,0.0,0.0,0.0,0.0,0.45,6.22,5042.0,2005,83.0,83.0
Botswana,9.61,4986.33,72.1,0.4,20.6,0.3,0.0,6.0,0.6,0.0,0.62,8.28,0.0,2005,319.0,319.0
Brazil,8.32,7352.28,95.9,0.02,7.9,0.0,0.1,2.8,0.2,0.06,0.81,6.15,319900.0,2005,293.9685039370079,293.9685039370079
Brunei,0.21,34441.12,9.4,75.1,0.4,0.5,8.6,6.2,0.1,0.0,0,8.48,0.0,2005,4.0,4.0
Bulgaria,11.42,5230.98,64.7,9.8,15.9,0.0,0.0,0.03,0.1,9.5,0.63,10.34,169446.0,2005,209.0,209.0
Burkina Faso,9.19,518.17,22.5,62.0,0.4,0.0,0.0,15.4,0.0,0.0,0.45,1.31,0.0,2005,293.9685039370079,293.9685039370079
Burundi,8.44,295.74,91.5,10.0,0.0,0.0,0.0,5.7,0.0,0.0,0.24,2.27,0.0,2005,396.0,396.0
Cambodia,2.69,696.34,0.4,2.0,0.2,0.1,96.9,0.6,0.0,0.0,0.2,3.52,0.0,2005,509.0,509.0
Cameroon,7.62,1217.76,70.3,30.0,5.3,0.0,0.0,3.3,2.7,0.0,0.2,4.78,0.0,2005,293.9685039370079,293.9685039370079
Canada,0.0,38573.2,72.0,2.1,23.7,1.4,0.8,1.2,0.9,1.0,0.75,13.19,29134.0,2005,662.0,662.0
Cape Verde,6.95,2410.77,89.1,2.0,9.1,0.0,0.0,1.5,0.2,0.0,0.67,4.31,0.0,2005,39.0,39.0
Central African Republic,3.62,454.51,89.5,15.0,1.0,0.0,0.0,1.0,0.0,0.0,0.17,3.26,0.0,2005,962.0,962.0
Chad,4.62,676.16,40.6,58.0,2.5,0.0,0.0,1.4,0.1,0.0,0.12,1.54,0.0,2005,293.9685039370079,293.9685039370079
Chile,8.93,10349.64,89.4,0.0,8.6,0.0,0.06,1.5,0.2,0.1,0.8,9.74,788551.0,2005,952.0,952.0
China,4.02,3390.71,0.0,0.0,0.0,0.0,0.0,0.0,0.0,0.0,0.17,6.33,1350000.0,2005,293.9685039370079,293.9685039370079
Colombia,5.41,4402.9,86.0,0.2,11.0,0.01,0.01,1.0,2.0,0.01,0.36,7.28,0.0,2005,293.9685039370079,293.9685039370079
Comoros,0.44,1182.21,0.2,99.8,0.0,0.0,0.0,0.0,0.0,0.0,0.35,3.07,0.0,2005,59.0,59.0
Congo,3.75,2171.44,85.9,2.0,9.0,0.0,0.0,2.8,1.1,0.0,0.17,5.62,0.0,2005,424.0,424.0
Costa Rica,5.42,8606.33,90.9,0.0,7.9,0.0,0.0,0.8,0.3,0.0,0.85,7.83,0.0,2005,336.0,336.0
Cote d'Ivoire,3.3,1565.43,0.0,0.0,0.0,0.0,0.0,0.0,0.0,0.0,0.33,5.78,0.0,2005,293.9685039370079,293.9685039370079
Croatia,10.31,11399.78,87.46,1.32,6.39,0.0,0.0,0.0,1.87,3.86,0.58,10.41,77300.0,2005,59.0,59.0
Cuba,5.36,5182.82,59.2,0.0,23.0,0.2,0.0,17.4,0.0,0.0,0.06,10.57,9500.0,2005,714.0,714.0
Cyprus,12.43,25629.58,73.2,25.3,1.2,0.0,0.2,0.0,0.0,0.0,0.75,10.72,28885.0,2005,20.0,20.0
Czechia,14.76,14978.41,0.0,0.0,0.0,0.0,0.0,0.0,0.0,0.0,0.8,11.93,55000.0,2005,124.0,124.0
Democratic Republic of Congo,0.86,363.67,95.8,1.9,1.8,0.05,0.0,0.7,0.1,3e-05,0.13,5.16,0.0,2005,293.9685039370079,293.9685039370079
Denmark,12.29,51835.83,83.5,4.1,11.8,0.4,0.2,0.0,0.0,0.0,0.87,12.83,0.0,2005,63.0,63.0
Djibouti,1.28,2013.0,2.3,96.9,0.2,0.0,0.0,0.3,0.0,0.2,0.14,3.74,0.0,2005,64.0,64.0
Dominica,8.72,6501.41,94.4,0.1,0.5,0.0,0.1,3.0,1.7,0.0,0,7.8,0.0,2005,293.9685039370079,293.9685039370079
Dominican Republic,6.15,4647.04,88.0,0.0,10.9,0.0,0.0,0.9,0.1,0.0,0.48,6.85,0.0,2005,293.9685039370079,293.9685039370079
East Asia and Pacific,4.19,6102.32,0.0,0.0,0.0,0.0,0.0,0.0,0.0,0.0,0,,0.0,2005,293.9685039370079,293.9685039370079
Ecuador,5.81,4892.69,94.1,0.0,5.5,0.0,0.0,0.3,0.0,0.0,0.41,7.6,0.0,2005,293.9685039370079,293.9685039370079
Egypt,0.29,2830.35,11.2,88.9,0.0,0.0,0.0,0.0,0.0,0.1,0.15,6.41,6800.0,2005,293.9685039370079,293.9685039370079
El Salvador,3.8,3140.03,88.2,0.0,11.0,0.0,0.0,0.5,0.3,0.0,0.35,5.6,0.0,2005,293.9685039370079,293.9685039370079
Equatorial Guinea,8.91,12908.06,88.7,10.0,5.0,0.0,0.0,1.7,0.5,0.0,0.07,5.41,0.0,2005,29.0,29.0
Eritrea,2.08,762.4,50.0,48.0,0.1,0.0,0.0,0.4,0.0,0.0,0.02,3.68,0.0,2005,361.0,361.0
Estonia,15.65,14631.39,39.9,0.2,59.6,0.0,0.0,0.0,0.0,0.1,0.76,13.03,0.0,2005,137.0,137.0
Eswatini,6.71,2902.1,88.1,2.0,10.1,0.1,0.0,1.0,0.4,0.0,0.08,3.13,0.0,2005,230.0,230.0
Ethiopia,2.05,310.48,54.0,42.6,0.06,0.0,0.0,2.6,0.0,1.0,0.15,1.81,3214.0,2005,293.9685039370079,293.9685039370079
Europe and Central Asia,12.07,20456.85,0.0,0.0,0.0,0.0,0.0,0.0,0.0,0.0,0,,0.0,2005,293.9685039370079,293.9685039370079
European Union,12.3,28178.26,0.0,0.0,0.0,0.0,0.0,0.0,0.0,0.0,0,,0.0,2005,293.9685039370079,293.9685039370079
Fiji,2.78,4570.29,64.4,6.4,0.8,27.9,0.0,0.0,0.5,0.0,0.37,8.96,0.0,2005,22.0,22.0
Finland,13.11,42530.62,81.6,0.8,17.6,0.0,0.0,0.0,0.0,0.0,0.82,12.18,0.0,2005,118.0,118.0
France,13.09,35213.89,63.0,7.5,28.0,0.05,0.5,0.3,0.2,0.5,0.81,10.32,5344170.0,2005,705.0,705.0
Gabon,9.36,7504.26,76.5,11.2,5.6,0.0,0.0,6.0,0.7,0.0,0.29,6.92,0.0,2005,138.0,138.0
Gambia,4.27,711.28,0.0,0.0,0.0,0.0,0.0,0.0,0.0,0.0,0.08,2.62,0.0,2005,143.0,143.0
Georgia,6.39,2329.57,88.5,10.7,0.7,0.0,0.0,0.0,0.0,0.0,0.38,12.09,87000.0,2005,387.0,387.0
Germany,13.28,35310.47,68.7,5.8,24.7,0.0,0.3,0.3,0.1,0.0,0.87,13.7,945300.0,2005,847.0,847.0
Ghana,3.77,1175.86,74.9,17.8,4.2,0.0,0.0,4.9,0.2,0.0,0.66,7.19,0.0,2005,293.9685039370079,293.9685039370079
Greece,10.73,22185.62,88.1,5.3,6.1,0.1,0.0,0.0,0.0,0.0,0.75,9.75,376866.0,2005,120.0,120.0
Grenada,8.76,8558.83,96.6,0.3,1.0,0.7,0.0,1.3,0.2,0.0,0,7.77,0.0,2005,4.0,4.0
Guatemala,4.29,3320.16,95.2,0.0,4.1,0.0,0.0,0.6,0.07,0.0,0.4,3.7,0.0,2005,293.9685039370079,293.9685039370079
Guinea,0.77,661.1,10.9,84.4,1.8,0.0,0.0,2.7,0.0,0.0,0.1,1.51,0.0,2005,987.0,987.0
Guinea-Bissau,5.31,562.38,20.0,45.2,4.0,0.0,0.0,28.0,0.0,0.0,0.23,2.2,0.0,2005,162.0,162.0
Guyana,7.98,3944.44,66.0,6.4,2.0,27.9,0.0,0.2,0.6,0.0,0.35,6.95,0.0,2005,182.0,182.0
Haiti,3.86,1283.9,86.9,0.0,10.6,0.0,0.0,2.2,0.3,0.0,0.21,4.29,0.0,2005,293.9685039370079,293.9685039370079
High income,10.39,37105.06,0.0,0.0,0.0,0.0,0.0,0.0,0.0,0.0,0,,0.0,2005,293.9685039370079,293.9685039370079
Honduras,3.88,1967.22,87.6,0.1,10.5,0.0,0.1,1.1,0.6,0.0,0.42,4.94,0.0,2005,293.9685039370079,293.9685039370079
Hungary,14.56,11282.93,81.0,0.0,18.6,0.0,0.0,0.1,0.0,0.0,0.63,10.83,310328.0,2005,197.0,197.0
Iceland,7.74,48850.77,95.0,0.2,3.5,0.3,0.4,0.5,0.2,0.0,0.74,10.33,0.0,2005,2.0,2.0
India,2.33,953.57,2.3,14.23,0.24,79.8,0.7,0.0,1.04,1.72,0.65,4.53,0.0,2005,293.9685039370079,293.9685039370079
Indonesia,0.48,2199.09,10.53,83.91,3.04,1.69,0.73,0.04,0.02,0.0,0.65,7.32,0.0,2005,293.9685039370079,293.9685039370079
Iran,0.58,4634.01,0.4,96.5,1.5,0.0,0.0,0.0,1.6,0.0,0.21,9.56,0.0,2005,293.9685039370079,293.9685039370079
Iraq,0.44,3493.34,0.8,99.0,0.1,0.0,0.0,0.0,0.06,0.0,0.23,6.41,0.0,2005,293.9685039370079,293.9685039370079
Ireland,14.2,49381.78,85.14,1.32,10.12,0.29,0.2,0.0,0.2,0.05,0.71,10.6,0.0,2005,53.0,53.0
Israel,2.7,28809.64,2.0,18.6,3.1,0.0,0.3,0.2,0.1,75.6,0.59,11.28,5700.0,2005,238.0,238.0
Italy,9.41,33257.77,83.3,3.7,12.4,0.1,0.2,0.1,0.1,0.08,0.78,9.27,5056648.0,2005,610.0,610.0
Jamaica,4.43,5138.45,77.2,0.0,17.2,0.0,0.0,4.5,1.0,0.0,0.62,7.94,0.0,2005,293.9685039370079,293.9685039370079
Japan,7.99,33098.55,1.6,0.2,57.0,0.04,36.2,0.4,4.7,0.0,0.75,12.31,95511.0,2005,642.0,642.0
Jordan,0.66,4341.19,2.2,97.2,0.0,0.1,0.4,0.0,0.0,0.0,0.2,8.49,764.0,2005,187.0,187.0
Kazakhstan,9.33,7155.34,24.8,70.4,4.2,0.01,0.2,0.3,0.1,0.0,0.1,10.99,24730.0,2005,293.9685039370079,293.9685039370079
Kenya,3.01,1195.77,84.8,9.7,2.5,0.1,0.0,1.7,1.2,0.0,0.43,5.82,0.0,2005,293.9685039370079,293.9685039370079
Kiribati,2.16,1529.18,97.0,0.2,0.8,0.0,0.0,0.0,2.0,0.0,0,7.33,0.0,2005,6.0,6.0
Kuwait,0.02,39849.6,14.3,74.1,0.0,8.5,2.8,0.0,0.3,0.0,0.31,6.11,0.0,2005,52.0,52.0
Kyrgyzstan,11.19,820.72,11.4,88.0,0.4,0.01,0.0,0.1,0.0,0.0,0.21,10.63,1212.0,2005,429.0,429.0
Laos,4.37,1172.22,1.5,0.0,0.9,0.01,66.0,30.7,0.7,0.0,0.04,4.23,0.0,2005,463.0,463.0
Latin America and Caribbean,7.2,7186.05,0.0,0.0,0.0,0.0,0.0,0.0,0.0,0.0,0,,0.0,2005,293.9685039370079,293.9685039370079
Latvia,11.96,10527.91,55.8,0.1,43.8,0.0,0.0,0.0,0.2,0.0,0.62,12.25,7517.0,2005,253.0,253.0
Lebanon,2.31,6682.65,47.3,55.3,0.3,0.0,0.2,0.0,0.0,0.0,0.32,7.52,15000.0,2005,190.0,190.0
Lesotho,5.37,835.61,96.7,0.1,3.1,0.0,0.0,0.1,0.0,0.0,0.4,6.04,0.0,2005,918.0,918.0
Liberia,6.05,553.57,85.9,20.0,1.4,0.0,0.0,0.5,0.1,0.0,0.28,3.78,0.0,2005,266.0,266.0
Libya,0.08,7825.22,2.7,96.6,0.2,0.0,0.3,0.0,0.0,0.0,0.04,6.44,0.0,2005,211.0,211.0
Lithuania,16.1,9766.49,89.8,0.1,10.0,0.0,0.0,0.0,0.0,0.0,0.73,11.87,7850.0,2005,331.0,331.0
Low and middle income,4.27,2778.01,0.0,0.0,0.0,0.0,0.0,0.0,0.0,0.0,0,,0.0,2005,293.9685039370079,293.9685039370079
Low income,3.21,678.77,0.0,0.0,0.0,0.0,0.0,0.0,0.0,0.0,0,,0.0,2005,293.9685039370079,293.9685039370079
Lower middle income,2.78,1442.49,0.0,0.0,0.0,0.0,0.0,0.0,0.0,0.0,0,,0.0,2005,293.9685039370079,293.9685039370079
Luxembourg,13.58,101222.05,70.4,2.3,26.8,0.0,0.0,0.0,0.3,0.1,0.82,11.44,13537.0,2005,7.0,7.0
Madagascar,1.53,471.19,85.3,3.0,6.9,0.05,0.0,4.5,0.1,0.0,0.28,4.48,6500.0,2005,293.9685039370079,293.9685039370079
Malawi,2.87,289.05,82.7,13.0,2.5,0.0,0.0,1.7,0.0,0.0,0.38,3.15,0.0,2005,489.0,489.0
Malaysia,1.28,7274.97,9.2,63.2,0.7,6.5,17.7,2.3,0.2,0.0,0.25,7.59,0.0,2005,791.0,791.0
Maldives,1.52,6589.13,0.0,100.0,0.0,0.0,0.0,0.0,0.0,0.0,0.16,3.07,0.0,2005,8.0,8.0
Mali,1.05,687.93,3.2,95.0,0.6,0.0,0.0,1.2,0.0,0.0,0.5,1.16,0.0,2005,293.9685039370079,293.9685039370079
Malta,6.65,18133.97,97.0,0.2,2.5,0.2,0.0,0.0,0.0,0.0,0.67,9.78,2450.0,2005,3.0,3.0
Mauritania,0.13,1378.6,0.1,99.9,0.0,0.0,0.0,0.0,0.0,0.0,0.2,3.41,0.0,2005,407.0,407.0
Mauritius,5.0,6316.44,25.3,16.7,0.6,56.4,0.0,0.7,0.3,0.0,0.72,7.31,0.0,2005,49.0,49.0
Mexico,6.48,8877.85,95.1,0.01,4.7,0.0,0.07,0.06,0.02,0.06,0.58,7.49,41486.0,2005,293.9685039370079,293.9685039370079
Micronesia (country),2.78,3022.8,0.0,0.0,0.0,0.0,0.0,0.0,0.0,0.0,0,6.02,0.0,2005,5.0,5.0
Middle East and North Africa,0.7,6201.01,0.0,0.0,0.0,0.0,0.0,0.0,0.0,0.0,0,,0.0,2005,293.9685039370079,293.9685039370079
Middle income,4.33,2969.37,0.0,0.0,0.0,0.0,0.0,0.0,0.0,0.0,0,,0.0,2005,293.9685039370079,293.9685039370079
Moldova,19.95,1907.12,97.4,0.6,1.4,0.0,0.0,0.6,0.0,0.0,0.26,10.79,373400.0,2005,429.0,429.0
Mongolia,5.28,2068.4,2.3,3.2,35.9,0.01,55.1,3.5,0.0,0.0,0.61,9.54,0.0,2005,397.0,397.0
Montenegro,0.0,5010.95,78.1,18.7,3.2,0.0,0.0,0.0,0.0,0.0,0.37,10.65,0.0,2005,23.0,23.0
Morocco,0.96,2109.06,0.06,99.9,0.0,0.0,0.0,0.0,0.01,0.04,0.22,3.79,37560.0,2005,551.0,551.0
Mozambique,1.3,383.71,56.7,18.0,17.9,0.0,0.0,7.4,0.0,0.0,0.35,2.14,0.0,2005,293.9685039370079,293.9685039370079
Myanmar,1.65,542.22,7.6,4.0,0.5,2.1,80.0,5.8,0.2,0.0,0.04,3.98,0.0,2005,293.9685039370079,293.9685039370079
Namibia,2.7,3680.66,97.5,0.3,1.9,0.0,0.0,0.2,0.0,0.0,0.54,6.12,0.0,2005,413.0,413.0
Nauru,3.4,3347.25,79.0,0.01,4.5,0.0,1.1,8.1,7.4,0.0,0,7.540303030303032,0.0,2005,293.9685039370079,293.9685039370079
Nepal,1.95,617.79,0.45,4.6,0.0,84.0,10.0,3.7,0.07,0.0,0.16,3.12,0.0,2005,956.0,956.0
Netherlands,10.71,42201.78,50.6,6.0,42.1,0.5,0.2,0.2,0.2,0.2,0.8,11.79,0.0,2005,180.0,180.0
New Zealand,10.92,35064.5,37.0,1.31,48.47,2.63,1.12,0.4,3.27,0.11,0.77,13.27,102000.0,2005,74.0,74.0
Nicaragua,5.3,1573.05,85.8,0.0,12.5,0.0,0.0,1.4,0.1,0.0,0.48,5.46,0.0,2005,798.0,798.0
Niger,0.25,411.13,0.8,98.4,0.7,0.0,0.0,0.0,0.0,0.0,0.46,1.37,0.0,2005,293.9685039370079,293.9685039370079
Nigeria,12.51,1948.05,38.23,61.34,0.04,0.0,0.01,1.0,0.06,0.0,0.34,5.14,0.0,2005,293.9685039370079,293.9685039370079
North America,9.49,51410.21,0.0,0.0,0.0,0.0,0.0,0.0,0.0,0.0,0.53,7.540303030303032,2968241.0,2005,293.9685039370079,293.9685039370079
North Korea,3.68,11435.27795,2.0,0.0,71.3,0.0,1.5,12.3,12.9,0.0,0.01,7.540303030303032,0.0,2005,293.9685039370079,293.9685039370079
North Macedonia,7.03,3600.95,0.0,0.0,0.0,0.0,0.0,0.0,0.0,0.0,0.41,7.64,83604.0,2005,55.0,55.0
Norway,8.87,73036.74,84.7,3.7,10.1,0.5,0.6,0.0,0.2,0.0,0.87,12.28,0.0,2005,30.0,30.0
Oman,1.56,19448.46,6.5,85.9,0.2,5.5,0.8,0.0,1.0,0.0,0.05,6.96,0.0,2005,18.0,18.0
Pakistan,0.16,1175.44,1.27,96.47,0.0,2.14,0.0,0.0,0.01,0.01,0.28,4.53,0.0,2005,293.9685039370079,293.9685039370079
Panama,5.49,7815.23,93.0,0.7,4.8,0.0,0.2,0.4,0.4,0.4,0.65,8.58,121.0,2005,462.0,462.0
Papua New Guinea,1.6,1887.67,99.2,0.0,0.0,0.0,0.0,0.4,0.2,0.0,0.32,3.55,0.0,2005,666.0,666.0
Paraguay,6.66,3922.56,96.9,0.0,1.1,0.0,0.0,1.7,0.2,0.0,0.35,7.35,1610.0,2005,293.9685039370079,293.9685039370079
Peru,6.99,3867.53,93.0,0.0,6.5,0.0,0.2,1.0,0.3,0.0,0.68,7.92,59000.0,2005,293.9685039370079,293.9685039370079
Philippines,5.67,2077.77,85.0,5.5,0.1,0.01,1.5,1.5,0.1,0.03,0.42,8.66,0.0,2005,293.9685039370079,293.9685039370079
Poland,10.6,8569.43,94.3,0.0,5.6,0.0,0.0,0.0,0.0,0.0,0.69,11.81,0.0,2005,630.0,630.0
Portugal,13.37,19224.04,93.8,0.6,4.4,0.1,0.6,0.5,0.0,0.0,0.81,7.49,706373.0,2005,164.0,164.0
Qatar,1.67,57624.13,14.2,65.5,0.9,15.1,3.1,0.0,0.7,0.0,0.08,8.69,0.0,2005,8.0,8.0
Romania,15.84,6299.41,84.82,0.31,0.68,0.0,0.0,0.01,0.12,13.04,0.42,10.23,260220.0,2005,566.0,566.0
Russia,17.36,7323.38,73.3,10.0,16.2,0.0,0.1,0.2,0.0,0.2,0.21,12.27,317440.0,2005,293.9685039370079,293.9685039370079
Rwanda,13.0,456.59,93.4,4.8,3.6,0.0,0.0,1.0,0.2,0.0,0.19,3.04,0.0,2005,512.0,512.0
Saint Kitts and Nevis,11.53,16652.5,94.6,0.3,1.6,1.5,0.0,1.3,0.8,0.0,0,7.19,0.0,2005,293.9685039370079,293.9685039370079
Saint Lucia,11.62,9664.94,91.1,0.1,6.0,0.3,0.0,0.5,2.0,0.0,0,7.92,0.0,2005,38.0,38.0
Saint Vincent and the Grenadines,5.99,6166.29,88.7,1.5,2.5,3.4,0.0,2.0,2.0,0.0,0,7.9,0.0,2005,23.0,23.0
Samoa,4.2,4031.45,96.8,0.1,2.5,0.0,0.0,0.0,0.3,0.0,0,11.22,0.0,2005,9.0,9.0
Sao Tome and Principe,8.72,1206.1,0.0,0.0,0.0,0.0,0.0,0.0,0.0,0.0,0.5,5.02,0.0,2005,12.0,12.0
Saudi Arabia,0.17,18683.38,4.4,93.0,0.7,1.1,0.3,0.3,0.3,0.0,0.06,7.76,0.0,2005,424.0,424.0
Senegal,0.85,1133.72,5.0,92.0,0.2,0.0,0.0,2.8,0.0,0.0,0.61,1.38,0.0,2005,293.9685039370079,293.9685039370079
Serbia,0.0,4404.96,92.5,4.2,3.3,0.0,0.0,0.0,0.0,0.0,0.56,8.97,0.0,2005,222.0,222.0
Seychelles,6.13,10566.55,94.0,1.1,2.1,2.1,0.0,0.0,0.6,0.0,0.31,10.35,0.0,2005,10.0,10.0
Sierra Leone,5.57,471.89,21.0,78.0,0.1,0.0,0.0,1.0,0.0,0.0,0.43,3.23,0.0,2005,513.0,513.0
Singapore,1.78,41726.11,18.2,14.3,16.4,6.0,33.9,2.3,9.7,0.0,0.31,10.56,0.0,2005,40.0,40.0
Slovakia,12.06,11425.9,68.8,0.1,23.8,0.02,0.1,0.04,0.7,6.5,0.71,11.15,40958.0,2005,106.0,106.0
Slovenia,12.3,19239.4,78.4,3.6,18.0,0.0,0.0,0.0,0.0,0.0,0.7,11.68,29329.0,2005,21.0,21.0
Solomon Islands,1.6,1826.66,97.4,0.1,0.2,0.0,0.3,1.3,0.7,0.0,0.33,4.82,0.0,2005,26.0,26.0
Somalia,0.07,2013.0,0.01,99.8,0.0,0.0,0.0,0.0,0.0,0.0,0.06,7.540303030303032,0.0,2005,659.0,659.0
South Africa,9.58,5587.79,81.2,2.0,14.9,1.7,0.2,0.4,0.3,0.1,0.69,8.9,840649.0,2005,293.9685039370079,293.9685039370079
South Asia,1.92,962.18,0.0,0.0,0.0,0.0,0.0,0.0,0.0,0.0,0,,0.0,2005,293.9685039370079,293.9685039370079
South Korea,10.58,21193.36,29.4,0.2,46.4,0.11,22.9,0.8,0.2,0.0,0.79,11.24,0.0,2005,922.0,922.0
Spain,12.83,26146.16,78.6,2.1,19.0,0.04,0.0,0.04,0.02,0.1,0.8,8.92,3643700.0,2005,524.0,524.0
Sri Lanka,2.59,2244.82,0.0,0.0,0.0,30.6,70.3,0.0,0.0,0.0,0.27,10.13,0.0,2005,293.9685039370079,293.9685039370079
Sub-Saharan Africa,6.11,1394.92,0.0,0.0,0.0,0.0,0.0,0.0,0.0,0.0,0,,0.0,2005,293.9685039370079,293.9685039370079
Sudan,0.0,1302.55,5.4,90.7,1.0,0.0,0.0,2.8,0.0,0.0,0.06,2.93,0.0,2005,293.9685039370079,293.9685039370079
Suriname,5.41,7550.38,51.6,15.2,5.4,19.8,0.6,5.3,1.8,0.2,0.65,7.88,0.0,2005,67.0,67.0
Sweden,8.64,45990.38,76.2,4.6,27.0,0.2,0.4,0.2,0.2,0.1,0.88,12.26,0.0,2005,95.0,95.0
Switzerland,11.64,76784.64,81.3,5.5,11.9,0.4,0.4,0.0,0.1,0.3,0.85,11.21,100096.0,2005,70.0,70.0
Syria,0.92,1433.82,5.2,92.8,2.0,0.0,0.0,0.0,0.0,0.0,0.03,5.86,225.0,2005,500.0,500.0
Tajikistan,2.51,630.78,1.6,96.7,1.5,0.01,0.0,0.0,0.0,0.0,0.09,10.99,536.0,2005,183.0,183.0
Tanzania,8.71,692.48,61.4,35.2,1.4,0.1,0.0,1.8,0.07,0.0,0.36,4.64,0.0,2005,293.9685039370079,293.9685039370079
Thailand,6.81,4412.44,0.9,5.5,0.3,0.2,93.2,0.09,0.0,0.0,0.48,7.08,0.0,2005,293.9685039370079,293.9685039370079
Timor,0.83,918.73,0.0,0.0,0.0,0.0,0.0,0.0,0.0,0.0,0.35,3.72,0.0,2005,49.0,49.0
Togo,3.26,467.82,43.7,20.0,6.2,0.0,0.0,35.6,0.6,0.0,0.28,3.94,0.0,2005,620.0,620.0
Tonga,2.32,3875.16,99.0,0.1,0.0,0.1,0.0,0.0,0.8,0.0,0,10.07,0.0,2005,4.0,4.0
Trinidad and Tobago,6.17,15312.72,65.9,5.9,1.9,22.7,0.3,1.9,1.4,0.0,0.65,9.79,0.0,2005,477.0,477.0
Tunisia,1.46,3350.56,0.2,99.5,0.2,0.0,0.0,0.0,0.0,0.1,0.13,5.81,28563.0,2005,280.0,280.0
Turkey,2.12,7738.58,0.4,98.0,1.2,0.0,0.05,0.03,0.2,0.03,0.49,5.97,25982.0,2005,293.9685039370079,293.9685039370079
Turkmenistan,4.88,2786.77,6.4,93.0,0.5,0.0,0.0,0.0,0.0,0.0,0.01,10.83,43200.0,2005,255.0,255.0
Tuvalu,2.03,2722.4,99.8,0.2,0.0,0.0,0.0,0.0,0.0,0.0,0,8.85,0.0,2005,293.9685039370079,293.9685039370079
Uganda,12.92,610.49,86.7,11.5,0.5,0.3,0.0,0.9,0.1,0.0,0.26,4.62,0.0,2005,293.9685039370079,293.9685039370079
Ukraine,12.01,2144.25,83.8,1.2,14.7,0.0,0.0,0.0,0.0,0.1,0.38,11.33,212970.0,2005,293.9685039370079,293.9685039370079
United Arab Emirates,3.64,53844.72,14.0,70.0,1.1,10.0,2.0,0.0,0.8,0.0,0.09,8.99,0.0,2005,64.0,64.0
United Kingdom,13.89,43137.25,0.0,0.0,0.0,0.0,0.0,0.0,0.0,0.0,0.76,11.97,1314.0,2005,293.9685039370079,293.9685039370079
United States,9.49,52796.09,78.3,0.9,16.4,0.6,1.2,0.2,0.6,1.8,0.79,12.83,2888000.0,2005,293.9685039370079,293.9685039370079
Upper middle income,5.89,4760.18,0.0,0.0,0.0,0.0,0.0,0.0,0.0,0.0,0,,0.0,2005,293.9685039370079,293.9685039370079
Uruguay,7.46,10169.6,57.9,0.0,40.7,0.0,0.0,0.8,0.3,0.3,0.84,8.31,89201.0,2005,188.0,188.0
Uzbekistan,4.15,1560.29,2.3,96.7,0.8,0.01,0.01,0.01,0.0,0.01,0.03,10.5,24100.0,2005,919.0,919.0
Vanuatu,1.2,2621.91,93.3,0.1,1.2,0.0,0.0,4.1,1.4,0.0,0.49,6.5,0.0,2005,6.0,6.0
Venezuela,9.42,11435.27795,89.3,0.3,10.0,0.0,0.0,0.2,0.07,0.0,0.26,7.38,0.0,2005,293.9685039370079,293.9685039370079
Vietnam,2.63,1273.35,8.2,0.2,29.6,0.21,16.4,45.3,0.4,0.0,0.19,6.7,0.0,2005,293.9685039370079,293.9685039370079
World,5.43,8655.98,0.0,0.0,0.0,0.0,0.0,0.0,0.0,0.0,0.42,7.42,28532150.0,2005,293.9685039370079,293.9685039370079
Yemen,0.34,2536.19,0.2,99.1,0.1,0.6,0.0,0.0,0.0,0.0,0.18,1.86,0.0,2005,988.0,988.0
Zambia,3.9,918.31,97.6,1.0,0.5,0.1,0.0,0.3,0.9,0.0,0.46,6.05,0.0,2005,878.0,878.0
Zimbabwe,2.77,1137.3,87.0,1.0,7.9,0.0,0.0,3.8,0.3,0.08,0.18,7.16,1600.0,2005,293.9685039370079,293.9685039370079
Afghanistan,0.21,526.1,0.01,99.7,0.0,0.0,0.0,0.0,0.06,0.0,0.3,2.11,0.0,2010,291.5,272.92
Albania,7.69,3577.11,18.0,80.3,1.4,0.0,0.0,0.0,0.2,0.0,0.42,9.63,18100.0,2010,291.5,139.0
Algeria,0.65,3918.49,1.0,98.0,1.8,0.0,0.0,0.2,0.0,0.8,0.25,7.51,9094.0,2010,291.5,452.0
Andorra,11.11,34667.17,89.5,0.8,8.8,0.5,0.0,0.0,0.1,0.3,0,10.53,0.0,2010,291.5,272.92
Angola,8.16,3988.62,90.5,1.0,5.1,0.0,0.0,4.2,0.0,0.0,0.09,3.83,0.0,2010,291.5,272.92
Antigua and Barbuda,5.6,13986.84,93.0,0.6,1.7,0.2,0.0,3.6,1.0,0.0,0,9.24,0.0,2010,291.5,3.0
Argentina,9.09,13551.34,85.2,1.0,12.2,0.0,0.05,0.8,0.3,0.5,0.63,10.6,1608826.0,2010,291.5,272.92
Armenia,5.69,2958.84,98.5,0.0,1.3,0.0,0.0,0.0,0.1,0.0,0.18,11.12,5865.0,2010,291.5,124.0
Australia,12.39,53542.83,43.9,3.2,38.9,2.7,2.4,1.3,0.8,0.4,0.8,12.03,1142297.0,2010,291.5,266.0
Austria,12.2,43334.51,68.2,8.3,13.5,0.0,0.2,0.0,0.1,0.0,0.77,11.71,173745.0,2010,291.5,49.0
Azerbaijan,2.97,5215.02,3.0,96.9,0.0,0.0,0.0,0.0,0.0,0.0,0.05,10.47,11697.0,2010,291.5,234.0
Bahamas,4.12,32238.12,96.0,0.1,3.1,0.0,0.0,0.3,0.3,0.0,0,11.86,0.0,2010,291.5,98.0
Bahrain,1.69,20982.34,14.5,70.3,1.9,9.8,2.5,0.0,0.2,0.6,0.14,8.03,0.0,2010,291.5,10.0
Bangladesh,0.16,972.91,0.3,91.04,0.0,7.95,0.61,0.4,0.12,0.0,0.19,5.12,0.0,2010,291.5,272.92
Barbados,7.95,16754.63,95.2,1.0,1.9,0.4,0.0,0.0,1.4,0.0,0.65,9.65,0.0,2010,291.5,33.0
Belarus,17.43,5621.94,71.2,0.2,28.6,0.0,0.0,0.0,0.0,0.0,0.09,11.29,25110.0,2010,291.5,507.0
Belgium,11.4,39777.93,64.25,5.9,29.0,0.0,0.2,0.2,0.0,0.3,0.79,11.42,3000.0,2010,291.5,161.0
Belize,7.08,4728.77,87.6,0.1,8.9,0.2,0.5,1.5,0.1,1.0,0,10.49,0.0,2010,291.5,118.0
Benin,2.47,988.61,48.0,28.0,6.0,0.0,0.0,18.0,0.0,0.0,0.57,3.0,0.0,2010,291.5,600.0
Bhutan,0.92,2235.32,0.0,0.0,0.0,25.0,74.7,1.9,0.0,0.0,0.21,2.31,0.0,2010,291.5,20.0
Bolivia,5.56,2514.43,93.9,0.0,4.1,0.0,0.0,0.9,1.0,0.0,0.64,7.71,7423.0,2010,291.5,272.92
Bosnia and Herzegovina,7.32,4095.96,45.9,50.7,2.5,0.0,0.0,0.0,0.0,0.0,0.45,7.11,4504.0,2010,291.5,70.0
Botswana,8.62,5642.22,72.1,0.4,20.6,0.3,0.0,6.0,0.6,0.0,0.62,8.87,0.0,2010,291.5,342.0
Brazil,8.49,8702.25,95.9,0.02,7.9,0.0,0.1,2.8,0.2,0.06,0.81,6.88,245900.0,2010,291.5,272.92
Brunei,0.51,33437.12,9.4,75.1,0.4,0.5,8.6,6.2,0.1,0.0,0,8.77,0.0,2010,291.5,2.0
Bulgaria,11.32,6427.81,64.7,9.8,15.9,0.0,0.0,0.03,0.1,9.5,0.63,10.72,150083.0,2010,291.5,147.0
Burkina Faso,8.58,582.42,22.5,62.0,0.4,0.0,0.0,15.4,0.0,0.0,0.45,0.87,0.0,2010,291.5,272.92
Burundi,7.66,313.31,91.5,10.0,0.0,0.0,0.0,5.7,0.0,0.0,0.24,2.29,0.0,2010,291.5,454.0
Cambodia,4.91,892.1,0.4,2.0,0.2,0.1,96.9,0.6,0.0,0.0,0.2,4.1,0.0,2010,291.5,380.0
Cameroon,8.43,1248.18,70.3,30.0,5.3,0.0,0.0,3.3,2.7,0.0,0.2,5.2,0.0,2010,291.5,272.92
Canada,10.1,41155.32,72.0,2.1,23.7,1.4,0.8,1.2,0.9,1.0,0.75,13.51,50743.0,2010,291.5,557.0
Cape Verde,7.51,3010.72,89.1,2.0,9.1,0.0,0.0,1.5,0.2,0.0,0.67,5.12,0.0,2010,291.5,49.0
Central African Republic,3.98,531.71,89.5,15.0,1.0,0.0,0.0,1.0,0.0,0.0,0.17,3.57,0.0,2010,291.5,975.0
Chad,6.58,724.03,40.6,58.0,2.5,0.0,0.0,1.4,0.1,0.0,0.12,1.84,0.0,2010,291.5,272.92
Chile,9.31,11809.14,89.4,0.0,8.6,0.0,0.06,1.5,0.2,0.1,0.8,9.85,884413.0,2010,291.5,804.0
China,7.07,5647.06,0.0,0.0,0.0,0.0,0.0,0.0,0.0,0.0,0.17,6.73,1600000.0,2010,291.5,272.92
Colombia,5.04,5162.71,86.0,0.2,11.0,0.01,0.01,1.0,2.0,0.01,0.36,7.39,8230.0,2010,291.5,272.92
Comoros,0.25,1208.48,0.2,99.8,0.0,0.0,0.0,0.0,0.0,0.0,0.35,4.16,0.0,2010,291.5,60.0
Congo,6.17,2421.71,85.9,2.0,9.0,0.0,0.0,2.8,1.1,0.0,0.17,5.67,0.0,2010,291.5,468.0
Costa Rica,4.8,10236.98,90.9,0.0,7.9,0.0,0.0,0.8,0.3,0.0,0.85,8.23,0.0,2010,291.5,530.0
Cote d'Ivoire,2.53,1687.22,0.0,0.0,0.0,0.0,0.0,0.0,0.0,0.0,0.33,5.17,0.0,2010,291.5,272.92
Croatia,10.08,11748.95,87.46,1.32,6.39,0.0,0.0,0.0,1.87,3.86,0.58,11.02,46346.0,2010,291.5,59.0
Cuba,5.02,6759.34,59.2,0.0,23.0,0.2,0.0,17.4,0.0,0.0,0.06,11.23,10760.0,2010,291.5,519.0
Cyprus,11.35,26019.76,73.2,25.3,1.2,0.0,0.2,0.0,0.0,0.0,0.75,11.44,10923.0,2010,291.5,6.0
Czechia,14.06,16505.95,0.0,0.0,0.0,0.0,0.0,0.0,0.0,0.0,0.8,12.39,46276.0,2010,291.5,101.0
Democratic Republic of Congo,1.75,404.15,95.8,1.9,1.8,0.05,0.0,0.7,0.1,3e-05,0.13,5.6,0.0,2010,291.5,272.92
Denmark,11.0,51173.46,83.5,4.1,11.8,0.4,0.2,0.0,0.0,0.0,0.87,12.43,0.0,2010,291.5,46.0
Djibouti,0.67,2013.0,2.3,96.9,0.2,0.0,0.0,0.3,0.0,0.2,0.14,3.97,0.0,2010,291.5,63.0
Dominica,9.65,7680.48,94.4,0.1,0.5,0.0,0.1,3.0,1.7,0.0,0,7.84,0.0,2010,291.5,272.92
Dominican Republic,6.11,5771.92,88.0,0.0,10.9,0.0,0.0,0.9,0.1,0.0,0.48,7.24,0.0,2010,291.5,272.92
East Asia and Pacific,6.26,7767.24,0.0,0.0,0.0,0.0,0.0,0.0,0.0,0.0,0,,0.0,2010,291.5,272.92
Ecuador,6.16,5323.74,94.1,0.0,5.5,0.0,0.0,0.3,0.0,0.0,0.41,7.85,0.0,2010,291.5,272.92
Egypt,0.36,3485.28,11.2,88.9,0.0,0.0,0.0,0.0,0.0,0.1,0.15,7.37,4400.0,2010,291.5,272.92
El Salvador,3.31,3334.93,88.2,0.0,11.0,0.0,0.0,0.5,0.3,0.0,0.35,6.34,0.0,2010,291.5,272.92
Equatorial Guinea,9.2,13841.4,88.7,10.0,5.0,0.0,0.0,1.7,0.5,0.0,0.07,5.47,0.0,2010,291.5,34.0
Eritrea,1.38,653.87,50.0,48.0,0.1,0.0,0.0,0.4,0.0,0.0,0.02,4.35,0.0,2010,291.5,366.0
Estonia,12.39,14585.84,39.9,0.2,59.6,0.0,0.0,0.0,0.0,0.1,0.76,13.33,0.0,2010,291.5,69.0
Eswatini,6.82,3304.44,88.1,2.0,10.1,0.1,0.0,1.0,0.4,0.0,0.08,4.02,0.0,2010,291.5,256.0
Ethiopia,2.5,453.3,54.0,42.6,0.06,0.0,0.0,2.6,0.0,1.0,0.15,2.13,914.0,2010,291.5,272.92
Europe and Central Asia,11.04,21424.77,0.0,0.0,0.0,0.0,0.0,0.0,0.0,0.0,0,,0.0,2010,291.5,272.92
European Union,11.21,29211.43,0.0,0.0,0.0,0.0,0.0,0.0,0.0,0.0,0,,0.0,2010,291.5,272.92
Fiji,3.0,4523.87,64.4,6.4,0.8,27.9,0.0,0.0,0.5,0.0,0.37,9.66,0.0,2010,291.5,21.0
Finland,12.59,43563.57,81.6,0.8,17.6,0.0,0.0,0.0,0.0,0.0,0.82,12.42,0.0,2010,291.5,110.0
France,12.4,35639.8,63.0,7.5,28.0,0.05,0.5,0.3,0.2,0.5,0.81,10.78,4531671.0,2010,291.5,627.0
Gabon,9.89,6863.54,76.5,11.2,5.6,0.0,0.0,6.0,0.7,0.0,0.29,7.57,0.0,2010,291.5,154.0
Gambia,3.81,753.18,0.0,0.0,0.0,0.0,0.0,0.0,0.0,0.0,0.08,3.18,0.0,2010,291.5,168.0
Georgia,9.67,3100.72,88.5,10.7,0.7,0.0,0.0,0.0,0.0,0.0,0.38,12.38,103400.0,2010,291.5,237.0
Germany,12.64,37760.91,68.7,5.8,24.7,0.0,0.3,0.3,0.1,0.0,0.87,13.85,690600.0,2010,291.5,760.0
Ghana,4.26,1419.12,74.9,17.8,4.2,0.0,0.0,4.9,0.2,0.0,0.66,7.58,0.0,2010,291.5,272.92
Greece,9.67,21560.35,88.1,5.3,6.1,0.1,0.0,0.0,0.0,0.0,0.75,10.21,339073.0,2010,291.5,168.0
Grenada,8.31,8057.69,96.6,0.3,1.0,0.7,0.0,1.3,0.2,0.0,0,8.3,0.0,2010,291.5,4.0
Guatemala,3.51,3606.43,95.2,0.0,4.1,0.0,0.0,0.6,0.07,0.0,0.4,4.42,0.0,2010,291.5,272.92
Guinea,0.7,689.26,10.9,84.4,1.8,0.0,0.0,2.7,0.0,0.0,0.1,1.58,0.0,2010,291.5,272.92
Guinea-Bissau,4.47,585.69,20.0,45.2,4.0,0.0,0.0,28.0,0.0,0.0,0.23,2.84,0.0,2010,291.5,165.0
Guyana,6.78,4847.43,66.0,6.4,2.0,27.9,0.0,0.2,0.6,0.0,0.35,8.1,0.0,2010,291.5,147.0
Haiti,2.99,1296.81,86.9,0.0,10.6,0.0,0.0,2.2,0.3,0.0,0.21,4.74,0.0,2010,291.5,272.92
High income,9.64,37907.89,0.0,0.0,0.0,0.0,0.0,0.0,0.0,0.0,0,,0.0,2010,291.5,272.92
Honduras,3.59,2106.0,87.6,0.1,10.5,0.0,0.1,1.1,0.6,0.0,0.42,5.43,0.0,2010,291.5,272.92
Hungary,12.09,11313.52,81.0,0.0,18.6,0.0,0.0,0.1,0.0,0.0,0.63,11.88,181279.0,2010,291.5,156.0
Iceland,7.5,48193.7,95.0,0.2,3.5,0.3,0.4,0.5,0.2,0.0,0.74,10.89,0.0,2010,291.5,2.0
India,4.35,1244.37,2.3,14.23,0.24,79.8,0.7,0.0,1.04,1.72,0.65,5.07,0.0,2010,291.5,272.92
Indonesia,0.59,2720.19,10.53,83.91,3.04,1.69,0.73,0.04,0.02,0.0,0.65,7.41,0.0,2010,291.5,272.92
Iran,1.01,5332.11,0.4,96.5,1.5,0.0,0.0,0.0,1.6,0.0,0.21,9.71,0.0,2010,291.5,272.92
Iraq,0.49,4052.06,0.8,99.0,0.1,0.0,0.0,0.0,0.06,0.0,0.23,7.0,0.0,2010,291.5,272.92
Ireland,12.07,45932.02,85.14,1.32,10.12,0.29,0.2,0.0,0.2,0.05,0.71,11.57,0.0,2010,291.5,54.0
Israel,3.12,32504.71,2.0,18.6,3.1,0.0,0.3,0.2,0.1,75.6,0.59,12.5,5000.0,2010,291.5,169.0
Italy,7.34,32058.17,83.3,3.7,12.4,0.1,0.2,0.1,0.1,0.08,0.78,9.82,4469318.0,2010,291.5,521.0
Jamaica,4.38,4888.58,77.2,0.0,17.2,0.0,0.0,4.5,1.0,0.0,0.62,8.36,0.0,2010,291.5,272.92
Japan,7.2,32942.2,1.6,0.2,57.0,0.04,36.2,0.4,4.7,0.0,0.75,12.53,75000.0,2010,291.5,472.0
Jordan,0.64,4644.17,2.2,97.2,0.0,0.1,0.4,0.0,0.0,0.0,0.2,9.61,438.0,2010,291.5,232.0
Kazakhstan,4.97,8979.33,24.8,70.4,4.2,0.01,0.2,0.3,0.1,0.0,0.1,11.15,17232.0,2010,291.5,272.92
Kenya,3.29,1326.39,84.8,9.7,2.5,0.1,0.0,1.7,1.2,0.0,0.43,6.19,0.0,2010,291.5,272.92
Kiribati,1.65,1367.74,97.0,0.2,0.8,0.0,0.0,0.0,2.0,0.0,0,7.87,0.0,2010,291.5,6.0
Kuwait,0.03,32035.38,14.3,74.1,0.0,8.5,2.8,0.0,0.3,0.0,0.31,6.85,0.0,2010,291.5,57.0
Kyrgyzstan,10.08,966.15,11.4,88.0,0.4,0.01,0.0,0.1,0.0,0.0,0.21,11.03,1640.0,2010,291.5,596.0
Laos,7.1,1586.2,1.5,0.0,0.9,0.01,66.0,30.7,0.7,0.0,0.04,4.57,0.0,2010,291.5,463.0
Latin America and Caribbean,7.0,8110.58,0.0,0.0,0.0,0.0,0.0,0.0,0.0,0.0,0,,0.0,2010,291.5,272.92
Latvia,11.63,10963.68,55.8,0.1,43.8,0.0,0.0,0.0,0.2,0.0,0.62,12.56,2500.0,2010,291.5,157.0
Lebanon,1.94,9135.5,47.3,55.3,0.3,0.0,0.2,0.0,0.0,0.0,0.32,8.23,14820.0,2010,291.5,192.0
Lesotho,6.5,995.58,96.7,0.1,3.1,0.0,0.0,0.1,0.0,0.0,0.4,5.09,0.0,2010,291.5,836.0
Liberia,5.37,648.55,85.9,20.0,1.4,0.0,0.0,0.5,0.1,0.0,0.28,4.09,0.0,2010,291.5,450.0
Libya,0.1,8870.66,2.7,96.6,0.2,0.0,0.3,0.0,0.0,0.0,0.04,7.31,0.0,2010,291.5,188.0
Lithuania,15.25,11106.95,89.8,0.1,10.0,0.0,0.0,0.0,0.0,0.0,0.73,12.46,7244.0,2010,291.5,231.0
Low and middle income,5.51,3612.17,0.0,0.0,0.0,0.0,0.0,0.0,0.0,0.0,0,,0.0,2010,291.5,272.92
Low income,3.24,777.63,0.0,0.0,0.0,0.0,0.0,0.0,0.0,0.0,0,,0.0,2010,291.5,272.92
Lower middle income,3.89,1762.83,0.0,0.0,0.0,0.0,0.0,0.0,0.0,0.0,0,,0.0,2010,291.5,272.92
Luxembourg,12.98,106544.05,70.4,2.3,26.8,0.0,0.0,0.0,0.3,0.1,0.82,12.84,11025.0,2010,291.5,6.0
Madagascar,1.87,469.24,85.3,3.0,6.9,0.05,0.0,4.5,0.1,0.0,0.28,4.71,8300.0,2010,291.5,272.92
Malawi,3.21,358.94,82.7,13.0,2.5,0.0,0.0,1.7,0.0,0.0,0.38,3.99,0.0,2010,291.5,542.0
Malaysia,1.32,8247.78,9.2,63.2,0.7,6.5,17.7,2.3,0.2,0.0,0.25,9.7,0.0,2010,291.5,786.0
Maldives,1.65,8521.84,0.0,100.0,0.0,0.0,0.0,0.0,0.0,0.0,0.16,4.38,0.0,2010,291.5,8.0
Mali,1.09,731.53,3.2,95.0,0.6,0.0,0.0,1.2,0.0,0.0,0.5,1.5,0.0,2010,291.5,272.92
Malta,6.58,20557.65,97.0,0.2,2.5,0.2,0.0,0.0,0.0,0.0,0.67,10.31,2380.0,2010,291.5,3.0
Mauritania,0.09,1417.05,0.1,99.9,0.0,0.0,0.0,0.0,0.0,0.0,0.2,3.83,0.0,2010,291.5,419.0
Mauritius,3.81,7817.84,25.3,16.7,0.6,56.4,0.0,0.7,0.3,0.0,0.72,8.32,0.0,2010,291.5,54.0
Mexico,5.21,8878.56,95.1,0.01,4.7,0.0,0.07,0.06,0.02,0.06,0.58,8.01,34356.0,2010,291.5,272.92
Micronesia (country),2.85,3084.75,0.0,0.0,0.0,0.0,0.0,0.0,0.0,0.0,0,7.2,0.0,2010,291.5,5.0
Middle East and North Africa,0.8,6887.45,0.0,0.0,0.0,0.0,0.0,0.0,0.0,0.0,0,,0.0,2010,291.5,272.92
Middle income,5.66,3891.78,0.0,0.0,0.0,0.0,0.0,0.0,0.0,0.0,0,,0.0,2010,291.5,272.92
Moldova,15.54,2254.93,97.4,0.6,1.4,0.0,0.0,0.6,0.0,0.0,0.26,11.49,132560.0,2010,291.5,374.0
Mongolia,9.65,2629.65,2.3,3.2,35.9,0.01,55.1,3.5,0.0,0.0,0.61,10.04,0.0,2010,291.5,274.0
Montenegro,15.07,5979.52,78.1,18.7,3.2,0.0,0.0,0.0,0.0,0.0,0.37,11.18,17986.0,2010,291.5,21.0
Morocco,0.9,2534.26,0.06,99.9,0.0,0.0,0.0,0.0,0.01,0.04,0.22,4.24,33695.0,2010,291.5,509.0
Mozambique,1.63,479.88,56.7,18.0,17.9,0.0,0.0,7.4,0.0,0.0,0.35,2.48,0.0,2010,291.5,272.92
Myanmar,2.9,902.54,7.6,4.0,0.5,2.1,80.0,5.8,0.2,0.0,0.04,4.59,0.0,2010,291.5,272.92
Namibia,1.99,4147.32,97.5,0.3,1.9,0.0,0.0,0.2,0.0,0.0,0.54,6.4,0.0,2010,291.5,389.0
Nauru,5.73,4116.75,79.0,0.01,4.5,0.0,1.1,8.1,7.4,0.0,0,8.000200000000001,0.0,2010,267.0,272.92
Nepal,1.94,731.66,0.45,4.6,0.0,84.0,10.0,3.7,0.07,0.0,0.16,3.45,0.0,2010,291.5,889.0
Netherlands,10.21,44390.5,50.6,6.0,42.1,0.5,0.2,0.2,0.2,0.2,0.8,11.98,0.0,2010,291.5,152.0
New Zealand,11.32,35406.68,37.0,1.31,48.47,2.63,1.12,0.4,3.27,0.11,0.77,13.38,190000.0,2010,291.5,55.0
Nicaragua,4.79,1679.04,85.8,0.0,12.5,0.0,0.0,1.4,0.1,0.0,0.48,6.0,0.0,2010,291.5,858.0
Niger,0.31,443.35,0.8,98.4,0.7,0.0,0.0,0.0,0.0,0.0,0.46,1.53,0.0,2010,291.5,272.92
Nigeria,11.72,2403.65,38.23,61.34,0.04,0.0,0.01,1.0,0.06,0.0,0.34,5.25,0.0,2010,291.5,272.92
North America,9.44,51622.81,0.0,0.0,0.0,0.0,0.0,0.0,0.0,0.0,0.53,8.000200000000001,2807043.0,2010,291.5,272.92
North Korea,3.78,11936.762600000007,2.0,0.0,71.3,0.0,1.5,12.3,12.9,0.0,0.01,8.000200000000001,0.0,2010,291.5,272.92
North Macedonia,5.93,4339.96,0.0,0.0,0.0,0.0,0.0,0.0,0.0,0.0,0.41,8.5,77209.0,2010,291.5,53.0
Norway,8.94,72426.56,84.7,3.7,10.1,0.5,0.6,0.0,0.2,0.0,0.87,12.55,0.0,2010,291.5,33.0
Oman,0.73,20640.31,6.5,85.9,0.2,5.5,0.8,0.0,1.0,0.0,0.05,7.92,0.0,2010,291.5,23.0
Pakistan,0.19,1238.87,1.27,96.47,0.0,2.14,0.0,0.0,0.01,0.01,0.28,4.59,0.0,2010,291.5,272.92
Panama,6.84,10232.36,93.0,0.7,4.8,0.0,0.2,0.4,0.4,0.4,0.65,9.28,184.0,2010,291.5,915.0
Papua New Guinea,1.67,2235.1,99.2,0.0,0.0,0.0,0.0,0.4,0.2,0.0,0.32,3.95,0.0,2010,291.5,786.0
Paraguay,7.58,4767.28,96.9,0.0,1.1,0.0,0.0,1.7,0.2,0.0,0.35,7.24,1300.0,2010,291.5,842.0
Peru,7.69,5177.84,93.0,0.0,6.5,0.0,0.2,1.0,0.3,0.0,0.68,8.87,52000.0,2010,291.5,272.92
Philippines,6.98,2433.01,85.0,5.5,0.1,0.01,1.5,1.5,0.1,0.03,0.42,8.91,0.0,2010,291.5,272.92
Poland,11.21,10858.54,94.3,0.0,5.6,0.0,0.0,0.0,0.0,0.0,0.69,12.31,0.0,2010,291.5,401.0
Portugal,12.51,19670.36,93.8,0.6,4.4,0.1,0.6,0.5,0.0,0.0,0.81,8.06,714792.0,2010,291.5,157.0
Qatar,1.69,63001.71,14.2,65.5,0.9,15.1,3.1,0.0,0.7,0.0,0.08,8.55,0.0,2010,291.5,10.0
Romania,13.97,7626.29,84.82,0.31,0.68,0.0,0.0,0.01,0.12,13.04,0.42,10.73,328724.0,2010,291.5,524.0
Russia,15.87,8755.11,73.3,10.0,16.2,0.0,0.1,0.2,0.0,0.2,0.21,12.41,760530.0,2010,291.5,272.92
Rwanda,10.27,599.21,93.4,4.8,3.6,0.0,0.0,1.0,0.2,0.0,0.19,3.76,0.0,2010,291.5,483.0
Saint Kitts and Nevis,9.45,16718.1,94.6,0.3,1.6,1.5,0.0,1.3,0.8,0.0,0,7.85,0.0,2010,291.5,272.92
Saint Lucia,9.69,10151.05,91.1,0.1,6.0,0.3,0.0,0.5,2.0,0.0,0,8.37,0.0,2010,291.5,41.0
Saint Vincent and the Grenadines,7.03,6617.78,88.7,1.5,2.5,3.4,0.0,2.0,2.0,0.0,0,8.26,0.0,2010,291.5,23.0
Samoa,2.97,4080.92,96.8,0.1,2.5,0.0,0.0,0.0,0.3,0.0,0,11.6,0.0,2010,291.5,7.0
Sao Tome and Principe,8.34,1402.3,0.0,0.0,0.0,0.0,0.0,0.0,0.0,0.0,0.5,5.27,0.0,2010,291.5,13.0
Saudi Arabia,0.17,18568.37,4.4,93.0,0.7,1.1,0.3,0.3,0.3,0.0,0.06,8.95,0.0,2010,291.5,462.0
Senegal,0.6,1149.65,5.0,92.0,0.2,0.0,0.0,2.8,0.0,0.0,0.61,2.22,0.0,2010,291.5,272.92
Serbia,11.69,5206.09,92.5,4.2,3.3,0.0,0.0,0.0,0.0,0.0,0.56,10.37,238233.0,2010,291.5,174.0
Seychelles,10.19,12080.94,94.0,1.1,2.1,2.1,0.0,0.0,0.6,0.0,0.31,10.33,0.0,2010,291.5,12.0
Sierra Leone,5.83,535.82,21.0,78.0,0.1,0.0,0.0,1.0,0.0,0.0,0.43,3.68,0.0,2010,291.5,577.0
Singapore,2.19,48668.58,18.2,14.3,16.4,6.0,33.9,2.3,9.7,0.0,0.31,11.18,0.0,2010,291.5,31.0
Slovakia,12.0,14526.4,68.8,0.1,23.8,0.02,0.1,0.04,0.7,6.5,0.71,12.27,27785.0,2010,291.5,88.0
Slovenia,11.54,20612.59,78.4,3.6,18.0,0.0,0.0,0.0,0.0,0.0,0.7,12.06,22680.0,2010,291.5,10.0
Solomon Islands,1.6,2099.33,97.4,0.1,0.2,0.0,0.3,1.3,0.7,0.0,0.33,5.1,0.0,2010,291.5,26.0
Somalia,0.28,2013.0,0.01,99.8,0.0,0.0,0.0,0.0,0.0,0.0,0.06,8.000200000000001,0.0,2010,291.5,726.0
South Africa,10.04,6084.97,81.2,2.0,14.9,1.7,0.2,0.4,0.3,0.1,0.69,9.67,932695.0,2010,291.5,272.92
South Asia,3.45,1221.21,0.0,0.0,0.0,0.0,0.0,0.0,0.0,0.0,0,,0.0,2010,291.5,272.92
South Korea,9.97,25451.0,29.4,0.2,46.4,0.11,22.9,0.8,0.2,0.0,0.79,11.64,0.0,2010,291.5,648.0
Spain,10.03,25702.71,78.6,2.1,19.0,0.04,0.0,0.04,0.02,0.1,0.8,9.36,3610000.0,2010,291.5,395.0
Sri Lanka,3.92,2950.39,0.0,0.0,0.0,30.6,70.3,0.0,0.0,0.0,0.27,10.24,0.0,2010,291.5,272.92
Sub-Saharan Africa,6.29,1581.49,0.0,0.0,0.0,0.0,0.0,0.0,0.0,0.0,0,,0.0,2010,291.5,272.92
Sudan,0.0,1344.17,5.4,90.7,1.0,0.0,0.0,2.8,0.0,0.0,0.06,3.13,0.0,2010,291.5,272.92
Suriname,6.22,8941.99,51.6,15.2,5.4,19.8,0.6,5.3,1.8,0.2,0.65,8.73,0.0,2010,291.5,50.0
Sweden,9.49,48369.91,76.2,4.6,27.0,0.2,0.4,0.2,0.2,0.1,0.88,12.21,0.0,2010,291.5,101.0
Switzerland,11.41,82026.73,81.3,5.5,11.9,0.4,0.4,0.0,0.1,0.3,0.85,13.32,103094.0,2010,291.5,51.0
Syria,0.88,1592.35,5.2,92.8,2.0,0.0,0.0,0.0,0.0,0.0,0.03,6.25,72.0,2010,291.5,558.0
Tajikistan,2.4,783.52,1.6,96.7,1.5,0.01,0.0,0.0,0.0,0.0,0.09,11.17,215.0,2010,291.5,167.0
Tanzania,9.74,808.14,61.4,35.2,1.4,0.1,0.0,1.8,0.07,0.0,0.36,5.22,0.0,2010,291.5,272.92
Thailand,7.71,5163.6,0.9,5.5,0.3,0.2,93.2,0.09,0.0,0.0,0.48,7.61,0.0,2010,291.5,272.92
Timor,0.7,1185.62,0.0,0.0,0.0,0.0,0.0,0.0,0.0,0.0,0.35,4.42,0.0,2010,291.5,46.0
Togo,2.11,483.24,43.7,20.0,6.2,0.0,0.0,35.6,0.6,0.0,0.28,3.83,0.0,2010,291.5,636.0
Tonga,1.39,3769.07,99.0,0.1,0.0,0.1,0.0,0.0,0.8,0.0,0,10.75,0.0,2010,291.5,4.0
Trinidad and Tobago,6.21,18105.35,65.9,5.9,1.9,22.7,0.3,1.9,1.4,0.0,0.65,10.47,0.0,2010,291.5,561.0
Tunisia,1.4,3975.73,0.2,99.5,0.2,0.0,0.0,0.0,0.0,0.1,0.13,6.65,22150.0,2010,291.5,320.0
Turkey,2.32,8491.59,0.4,98.0,1.2,0.0,0.05,0.03,0.2,0.03,0.49,7.09,27950.0,2010,291.5,272.92
Turkmenistan,4.82,4265.95,6.4,93.0,0.5,0.0,0.0,0.0,0.0,0.0,0.01,10.95,37737.0,2010,291.5,214.0
Tuvalu,1.68,2820.6,99.8,0.2,0.0,0.0,0.0,0.0,0.0,0.0,0,9.42,0.0,2010,316.0,272.92
Uganda,13.5,767.74,86.7,11.5,0.5,0.3,0.0,0.9,0.1,0.0,0.26,5.89,0.0,2010,291.5,272.92
Ukraine,13.57,2315.1,83.8,1.2,14.7,0.0,0.0,0.0,0.0,0.1,0.38,11.51,300200.0,2010,291.5,272.92
United Arab Emirates,3.15,32534.82,14.0,70.0,1.1,10.0,2.0,0.0,0.8,0.0,0.09,9.83,0.0,2010,291.5,79.0
United Kingdom,12.06,42487.93,0.0,0.0,0.0,0.0,0.0,0.0,0.0,0.0,0.76,13.21,1290.0,2010,291.5,272.92
United States,9.36,52760.0,78.3,0.9,16.4,0.6,1.2,0.2,0.6,1.8,0.79,13.05,2711000.0,2010,291.5,272.92
Upper middle income,7.53,6503.71,0.0,0.0,0.0,0.0,0.0,0.0,0.0,0.0,0,,0.0,2010,291.5,272.92
Uruguay,7.1,13433.06,57.9,0.0,40.7,0.0,0.0,0.8,0.3,0.3,0.84,8.33,76863.0,2010,291.5,204.0
Uzbekistan,3.01,2131.36,2.3,96.7,0.8,0.01,0.01,0.01,0.0,0.01,0.03,10.97,21280.0,2010,291.5,804.0
Vanuatu,1.7,2855.87,93.3,0.1,1.2,0.0,0.0,4.1,1.4,0.0,0.49,6.68,0.0,2010,291.5,6.0
Venezuela,8.67,11936.762600000007,89.3,0.3,10.0,0.0,0.0,0.2,0.07,0.0,0.26,8.69,0.0,2010,291.5,272.92
Vietnam,4.9,1648.26,8.2,0.2,29.6,0.21,16.4,45.3,0.4,0.0,0.19,7.63,5982.0,2010,291.5,272.92
World,6.28,9348.3,0.0,0.0,0.0,0.0,0.0,0.0,0.0,0.0,0.42,7.77,27013881.0,2010,291.5,272.92
Yemen,0.18,2722.52,0.2,99.1,0.1,0.6,0.0,0.0,0.0,0.0,0.18,2.6,0.0,2010,291.5,272.92
Zambia,5.43,1214.69,97.6,1.0,0.5,0.1,0.0,0.3,0.9,0.0,0.46,6.32,0.0,2010,291.5,996.0
Zimbabwe,3.93,1110.45,87.0,1.0,7.9,0.0,0.0,3.8,0.3,0.08,0.18,7.67,1750.0,2010,291.5,272.92
Afghanistan,0.21,556.01,0.01,99.7,0.0,0.0,0.0,0.0,0.06,0.0,0.34,2.37,0.0,2015,305.5,269.9212598425197
Albania,6.74,3952.8,18.0,80.3,1.4,0.0,0.0,0.0,0.2,0.0,0.27,10.55,16400.0,2015,305.5,114.0
Algeria,0.93,4177.89,1.0,98.0,1.8,0.0,0.0,0.2,0.0,0.8,0.23,7.81,9563.0,2015,305.5,662.0
Andorra,11.01,35770.78,89.5,0.8,8.8,0.5,0.0,0.0,0.1,0.3,0.0,10.57,0.0,2015,305.5,269.9212598425197
Angola,7.96,4166.98,90.5,1.0,5.1,0.0,0.0,4.2,0.0,0.0,0.13,4.7,0.0,2015,305.5,269.9212598425197
Antigua and Barbuda,5.89,14285.33,93.0,0.6,1.7,0.2,0.0,3.6,1.0,0.0,0.0,9.17,0.0,2015,305.5,2.0
Argentina,9.55,13789.06,85.2,1.0,12.2,0.0,0.05,0.8,0.3,0.5,0.6,10.92,1336196.0,2015,305.5,269.9212598425197
Armenia,5.84,3607.29,98.5,0.0,1.3,0.0,0.0,0.0,0.1,0.0,0.23,11.57,5932.0,2015,305.5,114.0
Australia,10.83,56707.02,43.9,3.2,38.9,2.7,2.4,1.3,0.8,0.4,0.81,12.25,1191193.0,2015,305.5,272.0
Austria,12.07,44195.82,68.2,8.3,13.5,0.0,0.2,0.0,0.1,0.0,0.8,12.08,226840.0,2015,305.5,55.0
Azerbaijan,4.58,5500.31,3.0,96.9,0.0,0.0,0.0,0.0,0.0,0.0,0.06,10.48,10350.0,2015,305.5,253.0
Bahamas,4.55,31776.05,96.0,0.1,3.1,0.0,0.0,0.3,0.3,0.0,0.0,12.29,0.0,2015,305.5,127.0
Bahrain,1.3,22634.09,14.5,70.3,1.9,9.8,2.5,0.0,0.2,0.6,0.05,9.11,0.0,2015,305.5,7.0
Bangladesh,0.02,1248.45,0.3,91.04,0.0,7.95,0.61,0.4,0.12,0.0,0.14,5.99,0.0,2015,305.5,269.9212598425197
Barbados,9.33,16524.9,95.2,1.0,1.9,0.4,0.0,0.0,1.4,0.0,0.66,9.7,0.0,2015,305.5,32.0
Belarus,12.0,5967.05,71.2,0.2,28.6,0.0,0.0,0.0,0.0,0.0,0.11,11.76,28740.0,2015,305.5,350.0
Belgium,11.82,41008.3,64.25,5.9,29.0,0.0,0.2,0.2,0.0,0.3,0.81,11.89,18061.0,2015,305.5,165.0
Belize,6.74,4770.23,87.6,0.1,8.9,0.2,0.5,1.5,0.1,1.0,0.0,9.67,0.0,2015,305.5,124.0
Benin,2.97,1076.8,48.0,28.0,6.0,0.0,0.0,18.0,0.0,0.0,0.57,3.72,0.0,2015,305.5,680.0
Bhutan,0.42,2752.63,0.0,0.0,0.0,25.0,74.7,1.9,0.0,0.0,0.48,3.32,0.0,2015,305.5,15.0
Bolivia,4.64,3035.97,93.9,0.0,4.1,0.0,0.0,0.9,1.0,0.0,0.46,8.93,8262.0,2015,305.5,982.0
Bosnia and Herzegovina,6.92,4729.69,45.9,50.7,2.5,0.0,0.0,0.0,0.0,0.0,0.32,9.29,5369.0,2015,305.5,60.0
Botswana,6.86,6402.91,72.1,0.4,20.6,0.3,0.0,6.0,0.6,0.0,0.55,10.02,0.0,2015,305.5,359.0
Brazil,7.86,8813.99,95.9,0.02,7.9,0.0,0.1,2.8,0.2,0.06,0.8,7.51,270000.0,2015,305.5,269.9212598425197
Brunei,0.46,31164.04,9.4,75.1,0.4,0.5,8.6,6.2,0.1,0.0,0.0,9.02,0.0,2015,305.5,5.0
Bulgaria,12.34,7074.68,64.7,9.8,15.9,0.0,0.0,0.03,0.1,9.5,0.55,11.19,156800.0,2015,305.5,112.0
Burkina Faso,11.83,653.33,22.5,62.0,0.4,0.0,0.0,15.4,0.0,0.0,0.35,1.44,0.0,2015,305.5,269.9212598425197
Burundi,7.03,305.55,91.5,10.0,0.0,0.0,0.0,5.7,0.0,0.0,0.09,2.29,0.0,2015,305.5,615.0
Cambodia,6.37,1162.91,0.4,2.0,0.2,0.1,96.9,0.6,0.0,0.0,0.16,4.6,0.0,2015,305.5,379.0
Cameroon,6.17,1382.51,70.3,30.0,5.3,0.0,0.0,3.3,2.7,0.0,0.2,5.93,0.0,2015,305.5,269.9212598425197
Canada,8.88,43596.14,72.0,2.1,23.7,1.4,0.8,1.2,0.9,1.0,0.71,13.7,59790.0,2015,305.5,608.0
Cape Verde,5.95,3043.03,89.1,2.0,9.1,0.0,0.0,1.5,0.2,0.0,0.68,5.86,0.0,2015,305.5,61.0
Central African Republic,2.43,377.42,89.5,15.0,1.0,0.0,0.0,1.0,0.0,0.0,0.13,4.23,0.0,2015,305.5,984.0
Chad,1.45,776.02,40.6,58.0,2.5,0.0,0.0,1.4,0.1,0.0,0.12,2.22,0.0,2015,305.5,269.9212598425197
Chile,9.26,13574.17,89.4,0.0,8.6,0.0,0.06,1.5,0.2,0.1,0.82,10.26,1286686.0,2015,305.5,814.0
China,7.15,8016.43,0.0,0.0,0.0,0.0,0.0,0.0,0.0,0.0,0.16,7.2,1916347.0,2015,305.5,269.9212598425197
Colombia,5.78,6175.88,86.0,0.2,11.0,0.01,0.01,1.0,2.0,0.01,0.57,8.05,2426.0,2015,305.5,269.9212598425197
Comoros,0.88,1242.59,0.2,99.8,0.0,0.0,0.0,0.0,0.0,0.0,0.33,4.78,0.0,2015,305.5,62.0
Congo,7.9,2447.54,85.9,2.0,9.0,0.0,0.0,2.8,1.1,0.0,0.19,6.11,0.0,2015,305.5,510.0
Costa Rica,4.76,11642.78,90.9,0.0,7.9,0.0,0.0,0.8,0.3,0.0,0.86,8.58,0.0,2015,305.5,554.0
Cote d'Ivoire,2.61,1972.55,0.0,0.0,0.0,0.0,0.0,0.0,0.0,0.0,0.4,4.83,0.0,2015,305.5,269.9212598425197
Croatia,9.07,11933.38,87.46,1.32,6.39,0.0,0.0,0.0,1.87,3.86,0.66,11.66,47407.0,2015,305.5,37.0
Cuba,5.67,7694.01,59.2,0.0,23.0,0.2,0.0,17.4,0.0,0.0,0.1,11.92,11510.0,2015,305.5,644.0
Cyprus,10.76,23408.34,73.2,25.3,1.2,0.0,0.2,0.0,0.0,0.0,0.74,11.87,8945.0,2015,305.5,16.0
Czechia,14.25,17829.7,0.0,0.0,0.0,0.0,0.0,0.0,0.0,0.0,0.73,12.67,53600.0,2015,305.5,82.0
Democratic Republic of Congo,2.05,497.32,95.8,1.9,1.8,0.05,0.0,0.7,0.1,3e-05,0.15,6.49,0.0,2015,305.5,269.9212598425197
Denmark,10.36,53254.86,83.5,4.1,11.8,0.4,0.2,0.0,0.0,0.0,0.88,12.64,0.0,2015,305.5,61.0
Djibouti,0.49,2658.95,2.3,96.9,0.2,0.0,0.0,0.3,0.0,0.2,0.14,4.06,0.0,2015,305.5,64.0
Dominica,11.32,7597.29,94.4,0.1,0.5,0.0,0.1,3.0,1.7,0.0,0.0,7.98,0.0,2015,305.5,269.9212598425197
Dominican Republic,6.61,6921.52,88.0,0.0,10.9,0.0,0.0,0.9,0.1,0.0,0.41,7.72,0.0,2015,305.5,269.9212598425197
East Asia and Pacific,6.47,9579.47,0.0,0.0,0.0,0.0,0.0,0.0,0.0,0.0,0.0,,0.0,2015,305.5,269.9212598425197
Ecuador,4.98,6124.49,94.1,0.0,5.5,0.0,0.0,0.3,0.0,0.0,0.37,8.7,0.0,2015,305.5,269.9212598425197
Egypt,0.4,3562.93,11.2,88.9,0.0,0.0,0.0,0.0,0.0,0.1,0.12,8.57,5931.0,2015,305.5,269.9212598425197
El Salvador,3.59,3705.58,88.2,0.0,11.0,0.0,0.0,0.5,0.3,0.0,0.47,6.62,0.0,2015,305.5,269.9212598425197
Equatorial Guinea,9.08,11283.4,88.7,10.0,5.0,0.0,0.0,1.7,0.5,0.0,0.07,5.53,0.0,2015,305.5,40.0
Eritrea,1.42,12761.67788944724,50.0,48.0,0.1,0.0,0.0,0.4,0.0,0.0,0.02,4.69,0.0,2015,305.5,382.0
Estonia,12.39,17402.04,39.9,0.2,59.6,0.0,0.0,0.0,0.0,0.1,0.82,13.49,0.0,2015,305.5,46.0
Eswatini,9.84,3680.35,88.1,2.0,10.1,0.1,0.0,1.0,0.4,0.0,0.09,5.06,0.0,2015,305.5,214.0
Ethiopia,2.19,640.54,54.0,42.6,0.06,0.0,0.0,2.6,0.0,1.0,0.14,2.58,826.0,2015,305.5,269.9212598425197
Europe and Central Asia,10.09,22624.87,0.0,0.0,0.0,0.0,0.0,0.0,0.0,0.0,0.0,,0.0,2015,305.5,269.9212598425197
European Union,11.38,30485.03,0.0,0.0,0.0,0.0,0.0,0.0,0.0,0.0,0.0,,0.0,2015,305.5,269.9212598425197
Fiji,3.33,5390.71,64.4,6.4,0.8,27.9,0.0,0.0,0.5,0.0,0.3,10.35,0.0,2015,305.5,20.0
Finland,11.18,42801.91,81.6,0.8,17.6,0.0,0.0,0.0,0.0,0.0,0.8,12.63,0.0,2015,305.5,78.0
France,12.64,36652.92,63.0,7.5,28.0,0.05,0.5,0.3,0.2,0.5,0.82,11.33,4785700.0,2015,305.5,600.0
Gabon,9.57,7384.7,76.5,11.2,5.6,0.0,0.0,6.0,0.7,0.0,0.33,8.98,0.0,2015,305.5,174.0
Gambia,3.67,660.72,0.0,0.0,0.0,0.0,0.0,0.0,0.0,0.0,0.09,3.88,0.0,2015,305.5,183.0
Georgia,9.61,4014.19,88.5,10.7,0.7,0.0,0.0,0.0,0.0,0.0,0.54,12.72,75539.0,2015,305.5,117.0
Germany,13.06,41103.26,68.7,5.8,24.7,0.0,0.3,0.3,0.1,0.0,0.85,14.08,571794.0,2015,305.5,751.0
Ghana,3.12,1774.07,74.9,17.8,4.2,0.0,0.0,4.9,0.2,0.0,0.61,7.78,0.0,2015,305.5,269.9212598425197
Greece,10.49,18083.88,88.1,5.3,6.1,0.1,0.0,0.0,0.0,0.0,0.77,10.74,299558.0,2015,305.5,100.0
Grenada,9.07,9096.54,96.6,0.3,1.0,0.7,0.0,1.3,0.2,0.0,0.0,8.68,0.0,2015,305.5,6.0
Guatemala,2.55,3994.64,95.2,0.0,4.1,0.0,0.0,0.6,0.07,0.0,0.39,5.81,0.0,2015,305.5,269.9212598425197
Guinea,1.07,769.26,10.9,84.4,1.8,0.0,0.0,2.7,0.0,0.0,0.16,1.94,0.0,2015,305.5,269.9212598425197
Guinea-Bissau,5.05,603.4,20.0,45.2,4.0,0.0,0.0,28.0,0.0,0.0,0.29,3.38,0.0,2015,305.5,167.0
Guyana,7.35,5576.83,66.0,6.4,2.0,27.9,0.0,0.2,0.6,0.0,0.39,8.36,0.0,2015,305.5,173.0
Haiti,2.69,1386.85,86.9,0.0,10.6,0.0,0.0,2.2,0.3,0.0,0.27,5.25,0.0,2015,305.5,269.9212598425197
High income,9.76,40478.27,0.0,0.0,0.0,0.0,0.0,0.0,0.0,0.0,0.0,,0.0,2015,305.5,269.9212598425197
Honduras,3.49,2286.2,87.6,0.1,10.5,0.0,0.1,1.1,0.6,0.0,0.29,6.29,0.0,2015,305.5,269.9212598425197
Hungary,11.6,12720.71,81.0,0.0,18.6,0.0,0.0,0.1,0.0,0.0,0.38,11.85,300813.0,2015,305.5,159.0
Iceland,8.74,52951.68,95.0,0.2,3.5,0.3,0.4,0.5,0.2,0.0,0.7,13.18,0.0,2015,305.5,2.0
India,5.54,1605.61,2.3,14.23,0.24,79.8,0.7,0.0,1.04,1.72,0.42,6.25,0.0,2015,305.5,269.9212598425197
Indonesia,0.6,3331.7,10.53,83.91,3.04,1.69,0.73,0.04,0.02,0.0,0.59,7.91,0.0,2015,305.5,269.9212598425197
Iran,1.01,4904.33,0.4,96.5,1.5,0.0,0.0,0.0,1.6,0.0,0.19,10.21,0.0,2015,305.5,269.9212598425197
Iraq,0.37,4688.32,0.8,99.0,0.1,0.0,0.0,0.0,0.06,0.0,0.23,7.82,0.0,2015,305.5,269.9212598425197
Ireland,12.47,62012.48,85.14,1.32,10.12,0.29,0.2,0.0,0.2,0.05,0.8,11.29,0.0,2015,305.5,35.0
Israel,3.86,35808.44,2.0,18.6,3.1,0.0,0.3,0.2,0.1,75.6,0.57,12.96,2674.0,2015,305.5,146.0
Italy,7.59,30242.39,83.3,3.7,12.4,0.1,0.2,0.1,0.1,0.08,0.81,10.31,4874273.0,2015,305.5,469.0
Jamaica,4.19,4907.93,77.2,0.0,17.2,0.0,0.0,4.5,1.0,0.0,0.7,8.79,0.0,2015,305.5,269.9212598425197
Japan,7.87,34960.64,1.6,0.2,57.0,0.04,36.2,0.4,4.7,0.0,0.74,13.28,75869.0,2015,305.5,344.0
Jordan,0.69,4164.11,2.2,97.2,0.0,0.1,0.4,0.0,0.0,0.0,0.22,10.07,116.0,2015,305.5,262.0
Kazakhstan,4.66,10510.77,24.8,70.4,4.2,0.01,0.2,0.3,0.1,0.0,0.1,11.81,24205.0,2015,305.5,269.9212598425197
Kenya,2.77,1464.55,84.8,9.7,2.5,0.1,0.0,1.7,1.2,0.0,0.42,6.3,0.0,2015,305.5,269.9212598425197
Kiribati,0.52,1542.62,97.0,0.2,0.8,0.0,0.0,0.0,2.0,0.0,0.0,7.87,0.0,2015,305.5,6.0
Kuwait,0.0,29869.55,14.3,74.1,0.0,8.5,2.8,0.0,0.3,0.0,0.3,7.07,0.0,2015,305.5,70.0
Kyrgyzstan,7.59,1121.08,11.4,88.0,0.4,0.01,0.0,0.1,0.0,0.0,0.39,11.35,2644.0,2015,305.5,347.0
Laos,10.05,2140.04,1.5,0.0,0.9,0.01,66.0,30.7,0.7,0.0,0.05,5.03,0.0,2015,305.5,471.0
Latin America and Caribbean,6.62,8630.86,0.0,0.0,0.0,0.0,0.0,0.0,0.0,0.0,0.0,,0.0,2015,305.5,269.9212598425197
Latvia,12.64,13786.46,55.8,0.1,43.8,0.0,0.0,0.0,0.2,0.0,0.73,12.87,2090.0,2015,305.5,122.0
Lebanon,1.65,7663.92,47.3,55.3,0.3,0.0,0.2,0.0,0.0,0.0,0.41,8.5,9431.0,2015,305.5,271.0
Lesotho,4.8,1146.06,96.7,0.1,3.1,0.0,0.0,0.1,0.0,0.0,0.44,5.66,0.0,2015,305.5,934.0
Liberia,5.7,721.58,85.9,20.0,1.4,0.0,0.0,0.5,0.1,0.0,0.5,4.53,0.0,2015,305.5,484.0
Libya,0.03,4337.92,2.7,96.6,0.2,0.0,0.3,0.0,0.0,0.0,0.24,7.31,0.0,2015,305.5,155.0
Lithuania,15.38,14263.96,89.8,0.1,10.0,0.0,0.0,0.0,0.0,0.0,0.75,12.96,4377.0,2015,305.5,168.0
Low and middle income,5.54,4371.29,0.0,0.0,0.0,0.0,0.0,0.0,0.0,0.0,0.0,,0.0,2015,305.5,269.9212598425197
Low income,3.12,715.93,0.0,0.0,0.0,0.0,0.0,0.0,0.0,0.0,0.0,,0.0,2015,305.5,269.9212598425197
Lower middle income,4.43,2081.02,0.0,0.0,0.0,0.0,0.0,0.0,0.0,0.0,0.0,,0.0,2015,305.5,269.9212598425197
Luxembourg,13.18,105462.02,70.4,2.3,26.8,0.0,0.0,0.0,0.3,0.1,0.84,12.46,11069.0,2015,305.5,4.0
Madagascar,1.88,467.24,85.3,3.0,6.9,0.05,0.0,4.5,0.1,0.0,0.25,4.94,7707.0,2015,305.5,269.9212598425197
Malawi,3.62,380.6,82.7,13.0,2.5,0.0,0.0,1.7,0.0,0.0,0.43,4.12,0.0,2015,305.5,444.0
Malaysia,0.85,9955.24,9.2,63.2,0.7,6.5,17.7,2.3,0.2,0.0,0.25,10.26,0.0,2015,305.5,853.0
Maldives,2.07,9033.41,0.0,100.0,0.0,0.0,0.0,0.0,0.0,0.0,0.22,6.65,0.0,2015,305.5,9.0
Mali,1.25,751.47,3.2,95.0,0.6,0.0,0.0,1.2,0.0,0.0,0.44,1.87,0.0,2015,305.5,269.9212598425197
Malta,7.56,24921.6,97.0,0.2,2.5,0.2,0.0,0.0,0.0,0.0,0.63,11.21,2561.0,2015,305.5,4.0
Mauritania,0.03,1524.07,0.1,99.9,0.0,0.0,0.0,0.0,0.0,0.0,0.29,4.46,0.0,2015,305.5,471.0
Mauritius,3.94,9260.45,25.3,16.7,0.6,56.4,0.0,0.7,0.3,0.0,0.68,9.43,0.0,2015,305.5,30.0
Mexico,4.92,9616.65,95.1,0.01,4.7,0.0,0.07,0.06,0.02,0.06,0.49,8.6,42466.0,2015,305.5,269.9212598425197
Micronesia (country),2.44,2906.62,0.0,0.0,0.0,0.0,0.0,0.0,0.0,0.0,0.0,7.57,0.0,2015,305.5,5.0
Middle East and North Africa,0.81,7269.5,0.0,0.0,0.0,0.0,0.0,0.0,0.0,0.0,0.0,,0.0,2015,305.5,269.9212598425197
Middle income,5.74,4756.48,0.0,0.0,0.0,0.0,0.0,0.0,0.0,0.0,0.0,,0.0,2015,305.5,269.9212598425197
Moldova,11.87,2732.46,97.4,0.6,1.4,0.0,0.0,0.6,0.0,0.0,0.41,11.77,139506.0,2015,305.5,223.0
Mongolia,10.97,3875.32,2.3,3.2,35.9,0.01,55.1,3.5,0.0,0.0,0.57,9.73,75.0,2015,305.5,225.0
Montenegro,10.92,6514.27,78.1,18.7,3.2,0.0,0.0,0.0,0.0,0.0,0.37,11.72,15087.0,2015,305.5,22.0
Morocco,0.7,2875.26,0.06,99.9,0.0,0.0,0.0,0.0,0.01,0.04,0.26,5.38,38619.0,2015,305.5,545.0
Mozambique,2.19,589.86,56.7,18.0,17.9,0.0,0.0,7.4,0.0,0.0,0.31,3.19,0.0,2015,305.5,269.9212598425197
Myanmar,4.41,1196.74,7.6,4.0,0.5,2.1,80.0,5.8,0.2,0.0,0.31,5.81,0.0,2015,305.5,269.9212598425197
Namibia,5.23,4896.62,97.5,0.3,1.9,0.0,0.0,0.2,0.0,0.0,0.57,6.99,0.0,2015,305.5,440.0
Nauru,3.71,8341.01,79.0,0.01,4.5,0.0,1.1,8.1,7.4,0.0,0.0,8.512985074626863,0.0,2015,271.0,269.9212598425197
Nepal,2.05,901.75,0.45,4.6,0.0,84.0,10.0,3.7,0.07,0.0,0.43,4.5,0.0,2015,305.5,722.0
Netherlands,9.55,45193.4,50.6,6.0,42.1,0.5,0.2,0.2,0.2,0.2,0.81,12.14,0.0,2015,305.5,103.0
New Zealand,10.44,38630.73,37.0,1.31,48.47,2.63,1.12,0.4,3.27,0.11,0.77,13.23,234700.0,2015,305.5,63.0
Nicaragua,5.03,2049.85,85.8,0.0,12.5,0.0,0.0,1.4,0.1,0.0,0.18,6.68,0.0,2015,305.5,637.0
Niger,0.55,484.15,0.8,98.4,0.7,0.0,0.0,0.0,0.0,0.0,0.56,1.8,0.0,2015,305.5,269.9212598425197
Nigeria,10.81,2687.48,38.23,61.34,0.04,0.0,0.01,1.0,0.06,0.0,0.43,6.18,0.0,2015,305.5,269.9212598425197
North America,9.72,55542.96,0.0,0.0,0.0,0.0,0.0,0.0,0.0,0.0,0.51,8.512985074626863,3380469.0,2015,305.5,269.9212598425197
North Korea,3.82,12761.67788944724,2.0,0.0,71.3,0.0,1.5,12.3,12.9,0.0,0.01,8.512985074626863,0.0,2015,305.5,269.9212598425197
North Macedonia,5.93,4861.55,0.0,0.0,0.0,0.0,0.0,0.0,0.0,0.0,0.26,9.37,79708.0,2015,305.5,32.0
Norway,7.52,74355.52,84.7,3.7,10.1,0.5,0.6,0.0,0.2,0.0,0.87,12.77,0.0,2015,305.5,22.0
Oman,0.77,18444.93,6.5,85.9,0.2,5.5,0.8,0.0,1.0,0.0,0.07,9.55,0.0,2015,305.5,30.0
Pakistan,0.29,1356.67,1.27,96.47,0.0,2.14,0.0,0.0,0.01,0.01,0.31,5.16,0.0,2015,305.5,269.9212598425197
Panama,7.71,13630.3,93.0,0.7,4.8,0.0,0.2,0.4,0.4,0.4,0.63,9.98,73.0,2015,305.5,685.0
Papua New Guinea,1.39,2679.35,99.2,0.0,0.0,0.0,0.0,0.4,0.2,0.0,0.25,4.58,0.0,2015,305.5,877.0
Paraguay,7.26,5413.78,96.9,0.0,1.1,0.0,0.0,1.7,0.2,0.0,0.33,8.52,1491.0,2015,305.5,701.0
Peru,6.63,6229.1,93.0,0.0,6.5,0.0,0.2,1.0,0.3,0.0,0.61,9.09,74700.0,2015,305.5,269.9212598425197
Philippines,6.7,3001.04,85.0,5.5,0.1,0.01,1.5,1.5,0.1,0.03,0.5,8.8,0.0,2015,305.5,269.9212598425197
Poland,11.63,12578.5,94.3,0.0,5.6,0.0,0.0,0.0,0.0,0.0,0.71,12.92,0.0,2015,305.5,366.0
Portugal,11.88,19250.11,93.8,0.6,4.4,0.1,0.6,0.5,0.0,0.0,0.81,8.99,704467.0,2015,305.5,126.0
Qatar,1.62,63039.11,14.2,65.5,0.9,15.1,3.1,0.0,0.7,0.0,0.1,9.7,0.0,2015,305.5,14.0
Romania,11.64,8969.15,84.82,0.31,0.68,0.0,0.0,0.01,0.12,13.04,0.53,10.98,364573.0,2015,305.5,310.0
Russia,12.47,9313.01,73.3,10.0,16.2,0.0,0.1,0.2,0.0,0.2,0.14,12.53,400150.0,2015,305.5,269.9212598425197
Rwanda,9.26,751.08,93.4,4.8,3.6,0.0,0.0,1.0,0.2,0.0,0.21,4.13,0.0,2015,305.5,531.0
Saint Kitts and Nevis,8.88,18028.97,94.6,0.3,1.6,1.5,0.0,1.3,0.8,0.0,0.0,8.4,0.0,2015,305.5,269.9212598425197
Saint Lucia,9.96,10093.62,91.1,0.1,6.0,0.3,0.0,0.5,2.0,0.0,0.0,8.42,0.0,2015,305.5,33.0
Saint Vincent and the Grenadines,8.46,6921.7,88.7,1.5,2.5,3.4,0.0,2.0,2.0,0.0,0.0,9.86,0.0,2015,305.5,29.0
Samoa,2.59,4071.93,96.8,0.1,2.5,0.0,0.0,0.0,0.3,0.0,0.0,11.56,0.0,2015,305.5,6.0
Sao Tome and Principe,7.19,1584.78,0.0,0.0,0.0,0.0,0.0,0.0,0.0,0.0,0.55,5.62,0.0,2015,305.5,14.0
Saudi Arabia,0.2,20627.93,4.4,93.0,0.7,1.1,0.3,0.3,0.3,0.0,0.05,9.94,0.0,2015,305.5,605.0
Senegal,0.73,1219.25,5.0,92.0,0.2,0.0,0.0,2.8,0.0,0.0,0.61,2.81,0.0,2015,305.5,269.9212598425197
Serbia,8.7,5588.98,92.5,4.2,3.3,0.0,0.0,0.0,0.0,0.0,0.3,11.02,24088.0,2015,305.5,139.0
Seychelles,18.35,14745.34,94.0,1.1,2.1,2.1,0.0,0.0,0.6,0.0,0.36,10.3,0.0,2015,305.5,13.0
Sierra Leone,5.63,588.23,21.0,78.0,0.1,0.0,0.0,1.0,0.0,0.0,0.39,4.09,0.0,2015,305.5,589.0
Singapore,2.07,55646.62,18.2,14.3,16.4,6.0,33.9,2.3,9.7,0.0,0.36,11.57,0.0,2015,305.5,23.0
Slovakia,11.53,16342.22,68.8,0.1,23.8,0.02,0.1,0.04,0.7,6.5,0.64,12.64,28615.0,2015,305.5,70.0
Slovenia,12.74,20890.17,78.4,3.6,18.0,0.0,0.0,0.0,0.0,0.0,0.79,12.57,33662.0,2015,305.5,20.0
Solomon Islands,1.55,2167.12,97.4,0.1,0.2,0.0,0.3,1.3,0.7,0.0,0.36,5.44,0.0,2015,305.5,26.0
Somalia,0.01,386.44,0.01,99.8,0.0,0.0,0.0,0.0,0.0,0.0,0.12,8.512985074626863,0.0,2015,305.5,778.0
South Africa,9.61,6259.84,81.2,2.0,14.9,1.7,0.2,0.4,0.3,0.1,0.64,10.23,1123100.0,2015,305.5,269.9212598425197
South Asia,4.34,1543.05,0.0,0.0,0.0,0.0,0.0,0.0,0.0,0.0,0.0,,0.0,2015,305.5,269.9212598425197
South Korea,10.04,28732.23,29.4,0.2,46.4,0.11,22.9,0.8,0.2,0.0,0.57,12.12,0.0,2015,305.5,521.0
Spain,11.32,25742.37,78.6,2.1,19.0,0.04,0.0,0.04,0.02,0.1,0.75,9.91,3776916.0,2015,305.5,298.0
Sri Lanka,4.1,3843.78,0.0,0.0,0.0,30.6,70.3,0.0,0.0,0.0,0.45,10.46,0.0,2015,305.5,630.0
Sub-Saharan Africa,5.87,1688.33,0.0,0.0,0.0,0.0,0.0,0.0,0.0,0.0,0.0,,0.0,2015,305.5,269.9212598425197
Sudan,0.52,1329.64,5.4,90.7,1.0,0.0,0.0,2.8,0.0,0.0,0.08,3.62,0.0,2015,305.5,269.9212598425197
Suriname,5.81,9168.24,51.6,15.2,5.4,19.8,0.6,5.3,1.8,0.2,0.63,9.37,0.0,2015,305.5,40.0
Sweden,9.13,51545.48,76.2,4.6,27.0,0.2,0.4,0.2,0.2,0.1,0.88,12.35,0.0,2015,305.5,121.0
Switzerland,11.58,84776.14,81.3,5.5,11.9,0.4,0.4,0.0,0.1,0.3,0.87,13.71,85045.0,2015,305.5,50.0
Syria,0.28,916.36,5.2,92.8,2.0,0.0,0.0,0.0,0.0,0.0,0.02,5.06,51.0,2015,305.5,471.0
Tajikistan,3.11,978.4,1.6,96.7,1.5,0.01,0.0,0.0,0.0,0.0,0.05,11.35,90.0,2015,305.5,173.0
Tanzania,11.05,947.93,61.4,35.2,1.4,0.1,0.0,1.8,0.07,0.0,0.37,5.83,0.0,2015,305.5,269.9212598425197
Thailand,8.36,5840.05,0.9,5.5,0.3,0.2,93.2,0.09,0.0,0.0,0.03,8.18,0.0,2015,305.5,269.9212598425197
Timor,2.01,1332.79,0.0,0.0,0.0,0.0,0.0,0.0,0.0,0.0,0.43,5.27,0.0,2015,305.5,49.0
Togo,2.37,570.91,43.7,20.0,6.2,0.0,0.0,35.6,0.6,0.0,0.39,4.51,0.0,2015,305.5,693.0
Tonga,0.68,4336.24,99.0,0.1,0.0,0.1,0.0,0.0,0.8,0.0,0.0,11.27,0.0,2015,305.5,4.0
Trinidad and Tobago,6.88,18214.46,65.9,5.9,1.9,22.7,0.3,1.9,1.4,0.0,0.63,11.11,0.0,2015,305.5,500.0
Tunisia,1.99,4094.84,0.2,99.5,0.2,0.0,0.0,0.0,0.0,0.1,0.67,7.08,32500.0,2015,305.5,368.0
Turkey,2.12,11006.28,0.4,98.0,1.2,0.0,0.05,0.03,0.2,0.03,0.15,7.96,56017.0,2015,305.5,269.9212598425197
Turkmenistan,5.3,6432.69,6.4,93.0,0.5,0.0,0.0,0.0,0.0,0.0,0.03,11.12,38288.0,2015,305.5,227.0
Tuvalu,1.98,3197.77,99.8,0.2,0.0,0.0,0.0,0.0,0.0,0.0,0.0,10.0,0.0,2015,340.0,269.9212598425197
Uganda,15.14,847.27,86.7,11.5,0.5,0.3,0.0,0.9,0.1,0.0,0.27,5.51,0.0,2015,305.5,269.9212598425197
Ukraine,10.16,2124.66,83.8,1.2,14.7,0.0,0.0,0.0,0.0,0.1,0.35,11.16,91040.0,2015,305.5,269.9212598425197
United Arab Emirates,3.79,38663.4,14.0,70.0,1.1,10.0,2.0,0.0,0.8,0.0,0.09,10.67,0.0,2015,305.5,76.0
United Kingdom,11.21,45404.57,0.0,0.0,0.0,0.0,0.0,0.0,0.0,0.0,0.73,12.98,440.0,2015,305.5,886.0
United States,9.82,56863.37,78.3,0.9,16.4,0.6,1.2,0.2,0.6,1.8,0.85,13.25,3266630.0,2015,305.5,269.9212598425197
Upper middle income,7.18,8155.88,0.0,0.0,0.0,0.0,0.0,0.0,0.0,0.0,0.0,,0.0,2015,305.5,269.9212598425197
Uruguay,6.99,15613.75,57.9,0.0,40.7,0.0,0.0,0.8,0.3,0.3,0.83,8.67,66450.0,2015,305.5,274.0
Uzbekistan,2.59,2753.97,2.3,96.7,0.8,0.01,0.01,0.01,0.0,0.01,0.04,11.36,34545.0,2015,305.5,576.0
Vanuatu,2.14,2695.67,93.3,0.1,1.2,0.0,0.0,4.1,1.4,0.0,0.57,6.79,0.0,2015,305.5,7.0
Venezuela,6.82,12761.67788944724,89.3,0.3,10.0,0.0,0.0,0.2,0.07,0.0,0.07,9.64,0.0,2015,305.5,269.9212598425197
Vietnam,7.86,2085.1,8.2,0.2,29.6,0.21,16.4,45.3,0.4,0.0,0.21,8.04,7043.0,2015,305.5,269.9212598425197
World,6.3,10223.25,0.0,0.0,0.0,0.0,0.0,0.0,0.0,0.0,0.41,8.28,28490045.0,2015,305.5,269.9212598425197
Yemen,0.05,1601.83,0.2,99.1,0.1,0.6,0.0,0.0,0.0,0.0,0.05,3.0,0.0,2015,305.5,269.9212598425197
Zambia,6.89,1338.29,97.6,1.0,0.5,0.1,0.0,0.3,0.9,0.0,0.28,6.67,0.0,2015,305.5,269.9212598425197
Zimbabwe,4.92,1445.07,87.0,1.0,7.9,0.0,0.0,3.8,0.3,0.08,0.2,8.23,2316.0,2015,305.5,269.9212598425197
