Country,GDP
Afghanistan,$556.01
Albania,"$3,952.80"
Algeria,"$4,177.89"
American Samoa,"$12,059.63"
Andorra,"$35,770.78"
Angola,"$4,166.98"
Antigua and Barbuda,"$14,285.33"
Argentina,"$13,789.06"
Armenia,"$3,607.29"
Aruba,"$28,396.91"
Australia,"$56,707.02"
Austria,"$44,195.82"
Azerbaijan,"$5,500.31"
Bahamas,"$31,776.05"
Bahrain,"$22,634.09"
Bangladesh,"$1,248.45"
Barbados,"$16,524.90"
Belarus,"$5,967.05"
Belgium,"$41,008.30"
Belize,"$4,770.23"
Benin,"$1,076.80"
Bermuda,"$102,005.63"
Bhutan,"$2,752.63"
Bolivia,"$3,035.97"
Bosnia and Herzegovina,"$4,729.69"
Botswana,"$6,402.91"
Brazil,"$8,813.99"
Brunei,"$31,164.04"
Bulgaria,"$7,074.68"
Burkina Faso,$653.33
Burundi,$305.55
Cambodia,"$1,162.91"
Cameroon,"$1,382.51"
Canada,"$43,596.14"
Cape Verde,"$3,043.03"
Cayman Islands,"$76,284.20"
Central African Republic,$377.42
Chad,$776.02
Chile,"$13,574.17"
China,"$8,016.43"
Colombia,"$6,175.88"
Comoros,"$1,242.59"
Congo,"$2,447.54"
Costa Rica,"$11,642.78"
Cote d'Ivoire,"$1,972.55"
Croatia,"$11,933.38"
Cuba,"$7,694.01"
Curacao,"$19,951.33"
Cyprus,"$23,408.34"
Czechia,"$17,829.70"
Democratic Republic of Congo,$497.32
Denmark,"$53,254.86"
Djibouti,"$2,658.95"
Dominica,"$7,597.29"
Dominican Republic,"$6,921.52"
East Asia and Pacific,"$9,579.47"
Ecuador,"$6,124.49"
Egypt,"$3,562.93"
El Salvador,"$3,705.58"
Equatorial Guinea,"$11,283.40"
Eritrea,
Estonia,"$17,402.04"
Eswatini,"$3,680.35"
Ethiopia,$640.54
Europe and Central Asia,"$22,624.87"
European Union,"$30,485.03"
Faeroe Islands,"$52,400.30"
Fiji,"$5,390.71"
Finland,"$42,801.91"
France,"$36,652.92"
Gabon,"$7,384.70"
Gambia,$660.72
Georgia,"$4,014.19"
Germany,"$41,103.26"
Ghana,"$1,774.07"
Greece,"$18,083.88"
Greenland,"$44,536.40"
Grenada,"$9,096.54"
Guam,"$35,829.25"
Guatemala,"$3,994.64"
Guinea,$769.26
Guinea-Bissau,$603.40
Guyana,"$5,576.83"
Haiti,"$1,386.85"
High income,"$40,478.27"
Honduras,"$2,286.20"
Hong Kong,"$42,431.89"
Hungary,"$12,720.71"
Iceland,"$52,951.68"
India,"$1,605.61"
Indonesia,"$3,331.70"
Iran,"$4,904.33"
Iraq,"$4,688.32"
Ireland,"$62,012.48"
Isle of Man,"$85,126.97"
Israel,"$35,808.44"
Italy,"$30,242.39"
Jamaica,"$4,907.93"
Japan,"$34,960.64"
Jordan,"$4,164.11"
Kazakhstan,"$10,510.77"
Kenya,"$1,464.55"
Kiribati,"$1,542.62"
Kosovo,"$3,520.77"
Kuwait,"$29,869.55"
Kyrgyzstan,"$1,121.08"
Laos,"$2,140.04"
Latin America and Caribbean,"$8,630.86"
Latvia,"$13,786.46"
Lebanon,"$7,663.92"
Lesotho,"$1,146.06"
Liberia,$721.58
Libya,"$4,337.92"
Liechtenstein,"$167,313.27"
Lithuania,"$14,263.96"
Low and middle income,"$4,371.29"
Low income,$715.93
Lower middle income,"$2,081.02"
Luxembourg,"$105,462.02"
Macao,"$74,818.95"
Madagascar,$467.24
Malawi,$380.60
Malaysia,"$9,955.24"
Maldives,"$9,033.41"
Mali,$751.47
Malta,"$24,921.60"
Marshall Islands,"$3,199.89"
Mauritania,"$1,524.07"
Mauritius,"$9,260.45"
Mexico,"$9,616.65"
Micronesia (country),"$2,906.62"
Middle East and North Africa,"$7,269.50"
Middle income,"$4,756.48"
Moldova,"$2,732.46"
Monaco,"$165,989.50"
Mongolia,"$3,875.32"
Montenegro,"$6,514.27"
Morocco,"$2,875.26"
Mozambique,$589.86
Myanmar,"$1,196.74"
Namibia,"$4,896.62"
Nauru,"$8,341.01"
Nepal,$901.75
Netherlands,"$45,193.40"
New Caledonia,"$32,520.29"
New Zealand,"$38,630.73"
Nicaragua,"$2,049.85"
Niger,$484.15
Nigeria,"$2,687.48"
North America,"$55,542.96"
North Macedonia,"$4,861.55"
Northern Mariana Islands,"$16,314.38"
Norway,"$74,355.52"
Oman,"$18,444.93"
Pakistan,"$1,356.67"
Palau,"$15,876.46"
Palestine,"$3,272.15"
Panama,"$13,630.30"
Papua New Guinea,"$2,679.35"
Paraguay,"$5,413.78"
Peru,"$6,229.10"
Philippines,"$3,001.04"
Poland,"$12,578.50"
Portugal,"$19,250.11"
Puerto Rico,"$29,763.49"
Qatar,"$63,039.11"
Romania,"$8,969.15"
Russia,"$9,313.01"
Rwanda,$751.08
Saint Kitts and Nevis,"$18,028.97"
Saint Lucia,"$10,093.62"
Saint Vincent and the Grenadines,"$6,921.70"
Samoa,"$4,071.93"
San Marino,"$42,662.90"
Sao Tome and Principe,"$1,584.78"
Saudi Arabia,"$20,627.93"
Senegal,"$1,219.25"
Serbia,"$5,588.98"
Seychelles,"$14,745.34"
Sierra Leone,$588.23
Singapore,"$55,646.62"
Sint Maarten (Dutch part),"$32,274.89"
Slovakia,"$16,342.22"
Slovenia,"$20,890.17"
Solomon Islands,"$2,167.12"
Somalia,$386.44
South Africa,"$6,259.84"
South Asia,"$1,543.05"
South Korea,"$28,732.23"
South Sudan,"$1,119.65"
Spain,"$25,742.37"
Sri Lanka,"$3,843.78"
Sub-Saharan Africa,"$1,688.33"
Sudan,"$1,329.64"
Suriname,"$9,168.24"
Sweden,"$51,545.48"
Switzerland,"$84,776.14"
Syria,$916.36
Tajikistan,$978.40
Tanzania,$947.93
Thailand,"$5,840.05"
Timor,"$1,332.79"
Togo,$570.91
Tonga,"$4,336.24"
Trinidad and Tobago,"$18,214.46"
Tunisia,"$4,094.84"
Turkey,"$11,006.28"
Turkmenistan,"$6,432.69"
Turks and Caicos Islands,"$26,183.88"
Tuvalu,"$3,197.77"
Uganda,$847.27
Ukraine,"$2,124.66"
United Arab Emirates,"$38,663.40"
United Kingdom,"$45,404.57"
United States,"$56,863.37"
United States Virgin Islands,"$34,007.35"
Upper middle income,"$8,155.88"
Uruguay,"$15,613.75"
Uzbekistan,"$2,753.97"
Vanuatu,"$2,695.67"
Vietnam,"$2,085.10"
World,"$10,223.25"
Yemen,"$1,601.83"
Zambia,"$1,338.29"
Zimbabwe,"$1,445.07"