Country,Alcohol Consumption,GDP,Christian,Muslim,Irreligion,Hindu,Buddhist,Folk religion,Other religion,Jewish,Democracy,Education,Wine,Year
Afghanistan,0.0,345.93,0.01,99.7,0.0,0.0,0.0,0.0,0.06,0.0,0.3,1.69,0.0,2005
Albania,7.65,2675.51,18.0,80.3,1.4,0.0,0.0,0.0,0.2,0.0,0.42,9.08,17144.0,2005
Algeria,0.81,3752.1,1.0,98.0,1.8,0.0,0.0,0.2,0.0,0.8,0.25,7.04,90000.0,2005
Andorra,12.55,39782.93,89.5,0.8,8.8,0.5,0.0,0.0,0.1,0.3,0,10.09,0.0,2005
Angola,4.89,3220.08,90.5,1.0,5.1,0.0,0.0,4.2,0.0,0.0,0.09,3.63,0.0,2005
Antigua and Barbuda,5.37,15122.19,93.0,0.6,1.7,0.2,0.0,3.6,1.0,0.0,0,9.12,0.0,2005
Argentina,8.66,11192.18,85.2,1.0,12.2,0.0,0.05,0.8,0.3,0.5,0.63,10.1,1522200.0,2005
Armenia,5.79,2364.18,98.5,0.0,1.3,0.0,0.0,0.0,0.1,0.0,0.18,10.77,7305.0,2005
Australia,12.08,50332.88,43.9,3.2,38.9,2.7,2.4,1.3,0.8,0.4,0.8,11.55,1433827.0,2005
Austria,12.79,41281.27,68.2,8.3,13.5,0.0,0.2,0.0,0.1,0.0,0.77,11.56,226402.0,2005
Azerbaijan,1.81,2631.76,3.0,96.9,0.0,0.0,0.0,0.0,0.0,0.0,0.05,10.58,4378.0,2005
Bahamas,4.28,35637.79,96.0,0.1,3.1,0.0,0.0,0.3,0.3,0.0,0,11.45,0.0,2005
Bahrain,1.76,22343.54,14.5,70.3,1.9,9.8,2.5,0.0,0.2,0.6,0.14,8.2,0.0,2005
Bangladesh,0.16,769.14,0.3,91.04,0.0,7.95,0.61,0.4,0.12,0.0,0.19,4.72,0.0,2005
Barbados,7.4,16921.94,95.2,1.0,1.9,0.4,0.0,0.0,1.4,0.0,0.65,9.52,0.0,2005
Belarus,15.3,3880.01,71.2,0.2,28.6,0.0,0.0,0.0,0.0,0.0,0.09,10.82,15720.0,2005
Belgium,13.13,38426.05,64.25,5.9,29.0,0.0,0.2,0.2,0.0,0.3,0.79,11.03,4000.0,2005
Belize,7.16,4773.62,87.6,0.1,8.9,0.2,0.5,1.5,0.1,1.0,0,8.03,0.0,2005
Benin,2.23,943.63,48.0,28.0,6.0,0.0,0.0,18.0,0.0,0.0,0.57,2.64,0.0,2005
Bhutan,1.6,1489.21,0.0,0.0,0.0,25.0,74.7,1.9,0.0,0.0,0.21,7.540303030303032,0.0,2005
Bolivia,4.37,2186.19,93.9,0.0,4.1,0.0,0.0,0.9,1.0,0.0,0.64,6.97,7223.0,2005
Bosnia and Herzegovina,7.2,3501.56,45.9,50.7,2.5,0.0,0.0,0.0,0.0,0.0,0.45,6.22,5042.0,2005
Botswana,9.61,4986.33,72.1,0.4,20.6,0.3,0.0,6.0,0.6,0.0,0.62,8.28,0.0,2005
Brazil,8.32,7352.28,95.9,0.02,7.9,0.0,0.1,2.8,0.2,0.06,0.81,6.15,319900.0,2005
Brunei,0.21,34441.12,9.4,75.1,0.4,0.5,8.6,6.2,0.1,0.0,0,8.48,0.0,2005
Bulgaria,11.42,5230.98,64.7,9.8,15.9,0.0,0.0,0.03,0.1,9.5,0.63,10.34,169446.0,2005
Burkina Faso,9.19,518.17,22.5,62.0,0.4,0.0,0.0,15.4,0.0,0.0,0.45,1.31,0.0,2005
Burundi,8.44,295.74,91.5,10.0,0.0,0.0,0.0,5.7,0.0,0.0,0.24,2.27,0.0,2005
Cambodia,2.69,696.34,0.4,2.0,0.2,0.1,96.9,0.6,0.0,0.0,0.2,3.52,0.0,2005
Cameroon,7.62,1217.76,70.3,30.0,5.3,0.0,0.0,3.3,2.7,0.0,0.2,4.78,0.0,2005
Canada,0.0,38573.2,72.0,2.1,23.7,1.4,0.8,1.2,0.9,1.0,0.75,13.19,29134.0,2005
Cape Verde,6.95,2410.77,89.1,2.0,9.1,0.0,0.0,1.5,0.2,0.0,0.67,4.31,0.0,2005
Central African Republic,3.62,454.51,89.5,15.0,1.0,0.0,0.0,1.0,0.0,0.0,0.17,3.26,0.0,2005
Chad,4.62,676.16,40.6,58.0,2.5,0.0,0.0,1.4,0.1,0.0,0.12,1.54,0.0,2005
Chile,8.93,10349.64,89.4,0.0,8.6,0.0,0.06,1.5,0.2,0.1,0.8,9.74,788551.0,2005
China,4.02,3390.71,0.0,0.0,0.0,0.0,0.0,0.0,0.0,0.0,0.17,6.33,1350000.0,2005
Colombia,5.41,4402.9,86.0,0.2,11.0,0.01,0.01,1.0,2.0,0.01,0.36,7.28,0.0,2005
Comoros,0.44,1182.21,0.2,99.8,0.0,0.0,0.0,0.0,0.0,0.0,0.35,3.07,0.0,2005
Congo,3.75,2171.44,85.9,2.0,9.0,0.0,0.0,2.8,1.1,0.0,0.17,5.62,0.0,2005
Costa Rica,5.42,8606.33,90.9,0.0,7.9,0.0,0.0,0.8,0.3,0.0,0.85,7.83,0.0,2005
Cote d'Ivoire,3.3,1565.43,0.0,0.0,0.0,0.0,0.0,0.0,0.0,0.0,0.33,5.78,0.0,2005
Croatia,10.31,11399.78,87.46,1.32,6.39,0.0,0.0,0.0,1.87,3.86,0.58,10.41,77300.0,2005
Cuba,5.36,5182.82,59.2,0.0,23.0,0.2,0.0,17.4,0.0,0.0,0.06,10.57,9500.0,2005
Cyprus,12.43,25629.58,73.2,25.3,1.2,0.0,0.2,0.0,0.0,0.0,0.75,10.72,28885.0,2005
Czechia,14.76,14978.41,0.0,0.0,0.0,0.0,0.0,0.0,0.0,0.0,0.8,11.93,55000.0,2005
Democratic Republic of Congo,0.86,363.67,95.8,1.9,1.8,0.05,0.0,0.7,0.1,3e-05,0.13,5.16,0.0,2005
Denmark,12.29,51835.83,83.5,4.1,11.8,0.4,0.2,0.0,0.0,0.0,0.87,12.83,0.0,2005
Djibouti,1.28,2013.0,2.3,96.9,0.2,0.0,0.0,0.3,0.0,0.2,0.14,3.74,0.0,2005
Dominica,8.72,6501.41,94.4,0.1,0.5,0.0,0.1,3.0,1.7,0.0,0,7.8,0.0,2005
Dominican Republic,6.15,4647.04,88.0,0.0,10.9,0.0,0.0,0.9,0.1,0.0,0.48,6.85,0.0,2005
East Asia and Pacific,4.19,6102.32,0.0,0.0,0.0,0.0,0.0,0.0,0.0,0.0,0,,0.0,2005
Ecuador,5.81,4892.69,94.1,0.0,5.5,0.0,0.0,0.3,0.0,0.0,0.41,7.6,0.0,2005
Egypt,0.29,2830.35,11.2,88.9,0.0,0.0,0.0,0.0,0.0,0.1,0.15,6.41,6800.0,2005
El Salvador,3.8,3140.03,88.2,0.0,11.0,0.0,0.0,0.5,0.3,0.0,0.35,5.6,0.0,2005
Equatorial Guinea,8.91,12908.06,88.7,10.0,5.0,0.0,0.0,1.7,0.5,0.0,0.07,5.41,0.0,2005
Eritrea,2.08,762.4,50.0,48.0,0.1,0.0,0.0,0.4,0.0,0.0,0.02,3.68,0.0,2005
Estonia,15.65,14631.39,39.9,0.2,59.6,0.0,0.0,0.0,0.0,0.1,0.76,13.03,0.0,2005
Eswatini,6.71,2902.1,88.1,2.0,10.1,0.1,0.0,1.0,0.4,0.0,0.08,3.13,0.0,2005
Ethiopia,2.05,310.48,54.0,42.6,0.06,0.0,0.0,2.6,0.0,1.0,0.15,1.81,3214.0,2005
Europe and Central Asia,12.07,20456.85,0.0,0.0,0.0,0.0,0.0,0.0,0.0,0.0,0,,0.0,2005
European Union,12.3,28178.26,0.0,0.0,0.0,0.0,0.0,0.0,0.0,0.0,0,,0.0,2005
Fiji,2.78,4570.29,64.4,6.4,0.8,27.9,0.0,0.0,0.5,0.0,0.37,8.96,0.0,2005
Finland,13.11,42530.62,81.6,0.8,17.6,0.0,0.0,0.0,0.0,0.0,0.82,12.18,0.0,2005
France,13.09,35213.89,63.0,7.5,28.0,0.05,0.5,0.3,0.2,0.5,0.81,10.32,5344170.0,2005
Gabon,9.36,7504.26,76.5,11.2,5.6,0.0,0.0,6.0,0.7,0.0,0.29,6.92,0.0,2005
Gambia,4.27,711.28,0.0,0.0,0.0,0.0,0.0,0.0,0.0,0.0,0.08,2.62,0.0,2005
Georgia,6.39,2329.57,88.5,10.7,0.7,0.0,0.0,0.0,0.0,0.0,0.38,12.09,87000.0,2005
Germany,13.28,35310.47,68.7,5.8,24.7,0.0,0.3,0.3,0.1,0.0,0.87,13.7,945300.0,2005
Ghana,3.77,1175.86,74.9,17.8,4.2,0.0,0.0,4.9,0.2,0.0,0.66,7.19,0.0,2005
Greece,10.73,22185.62,88.1,5.3,6.1,0.1,0.0,0.0,0.0,0.0,0.75,9.75,376866.0,2005
Grenada,8.76,8558.83,96.6,0.3,1.0,0.7,0.0,1.3,0.2,0.0,0,7.77,0.0,2005
Guatemala,4.29,3320.16,95.2,0.0,4.1,0.0,0.0,0.6,0.07,0.0,0.4,3.7,0.0,2005
Guinea,0.77,661.1,10.9,84.4,1.8,0.0,0.0,2.7,0.0,0.0,0.1,1.51,0.0,2005
Guinea-Bissau,5.31,562.38,20.0,45.2,4.0,0.0,0.0,28.0,0.0,0.0,0.23,2.2,0.0,2005
Guyana,7.98,3944.44,66.0,6.4,2.0,27.9,0.0,0.2,0.6,0.0,0.35,6.95,0.0,2005
Haiti,3.86,1283.9,86.9,0.0,10.6,0.0,0.0,2.2,0.3,0.0,0.21,4.29,0.0,2005
High income,10.39,37105.06,0.0,0.0,0.0,0.0,0.0,0.0,0.0,0.0,0,,0.0,2005
Honduras,3.88,1967.22,87.6,0.1,10.5,0.0,0.1,1.1,0.6,0.0,0.42,4.94,0.0,2005
Hungary,14.56,11282.93,81.0,0.0,18.6,0.0,0.0,0.1,0.0,0.0,0.63,10.83,310328.0,2005
Iceland,7.74,48850.77,95.0,0.2,3.5,0.3,0.4,0.5,0.2,0.0,0.74,10.33,0.0,2005
India,2.33,953.57,2.3,14.23,0.24,79.8,0.7,0.0,1.04,1.72,0.65,4.53,0.0,2005
Indonesia,0.48,2199.09,10.53,83.91,3.04,1.69,0.73,0.04,0.02,0.0,0.65,7.32,0.0,2005
Iran,0.58,4634.01,0.4,96.5,1.5,0.0,0.0,0.0,1.6,0.0,0.21,9.56,0.0,2005
Iraq,0.44,3493.34,0.8,99.0,0.1,0.0,0.0,0.0,0.06,0.0,0.23,6.41,0.0,2005
Ireland,14.2,49381.78,85.14,1.32,10.12,0.29,0.2,0.0,0.2,0.05,0.71,10.6,0.0,2005
Israel,2.7,28809.64,2.0,18.6,3.1,0.0,0.3,0.2,0.1,75.6,0.59,11.28,5700.0,2005
Italy,9.41,33257.77,83.3,3.7,12.4,0.1,0.2,0.1,0.1,0.08,0.78,9.27,5056648.0,2005
Jamaica,4.43,5138.45,77.2,0.0,17.2,0.0,0.0,4.5,1.0,0.0,0.62,7.94,0.0,2005
Japan,7.99,33098.55,1.6,0.2,57.0,0.04,36.2,0.4,4.7,0.0,0.75,12.31,95511.0,2005
Jordan,0.66,4341.19,2.2,97.2,0.0,0.1,0.4,0.0,0.0,0.0,0.2,8.49,764.0,2005
Kazakhstan,9.33,7155.34,24.8,70.4,4.2,0.01,0.2,0.3,0.1,0.0,0.1,10.99,24730.0,2005
Kenya,3.01,1195.77,84.8,9.7,2.5,0.1,0.0,1.7,1.2,0.0,0.43,5.82,0.0,2005
Kiribati,2.16,1529.18,97.0,0.2,0.8,0.0,0.0,0.0,2.0,0.0,0,7.33,0.0,2005
Kuwait,0.02,39849.6,14.3,74.1,0.0,8.5,2.8,0.0,0.3,0.0,0.31,6.11,0.0,2005
Kyrgyzstan,11.19,820.72,11.4,88.0,0.4,0.01,0.0,0.1,0.0,0.0,0.21,10.63,1212.0,2005
Laos,4.37,1172.22,1.5,0.0,0.9,0.01,66.0,30.7,0.7,0.0,0.04,4.23,0.0,2005
Latin America and Caribbean,7.2,7186.05,0.0,0.0,0.0,0.0,0.0,0.0,0.0,0.0,0,,0.0,2005
Latvia,11.96,10527.91,55.8,0.1,43.8,0.0,0.0,0.0,0.2,0.0,0.62,12.25,7517.0,2005
Lebanon,2.31,6682.65,47.3,55.3,0.3,0.0,0.2,0.0,0.0,0.0,0.32,7.52,15000.0,2005
Lesotho,5.37,835.61,96.7,0.1,3.1,0.0,0.0,0.1,0.0,0.0,0.4,6.04,0.0,2005
Liberia,6.05,553.57,85.9,20.0,1.4,0.0,0.0,0.5,0.1,0.0,0.28,3.78,0.0,2005
Libya,0.08,7825.22,2.7,96.6,0.2,0.0,0.3,0.0,0.0,0.0,0.04,6.44,0.0,2005
Lithuania,16.1,9766.49,89.8,0.1,10.0,0.0,0.0,0.0,0.0,0.0,0.73,11.87,7850.0,2005
Low and middle income,4.27,2778.01,0.0,0.0,0.0,0.0,0.0,0.0,0.0,0.0,0,,0.0,2005
Low income,3.21,678.77,0.0,0.0,0.0,0.0,0.0,0.0,0.0,0.0,0,,0.0,2005
Lower middle income,2.78,1442.49,0.0,0.0,0.0,0.0,0.0,0.0,0.0,0.0,0,,0.0,2005
Luxembourg,13.58,101222.05,70.4,2.3,26.8,0.0,0.0,0.0,0.3,0.1,0.82,11.44,13537.0,2005
Madagascar,1.53,471.19,85.3,3.0,6.9,0.05,0.0,4.5,0.1,0.0,0.28,4.48,6500.0,2005
Malawi,2.87,289.05,82.7,13.0,2.5,0.0,0.0,1.7,0.0,0.0,0.38,3.15,0.0,2005
Malaysia,1.28,7274.97,9.2,63.2,0.7,6.5,17.7,2.3,0.2,0.0,0.25,7.59,0.0,2005
Maldives,1.52,6589.13,0.0,100.0,0.0,0.0,0.0,0.0,0.0,0.0,0.16,3.07,0.0,2005
Mali,1.05,687.93,3.2,95.0,0.6,0.0,0.0,1.2,0.0,0.0,0.5,1.16,0.0,2005
Malta,6.65,18133.97,97.0,0.2,2.5,0.2,0.0,0.0,0.0,0.0,0.67,9.78,2450.0,2005
Mauritania,0.13,1378.6,0.1,99.9,0.0,0.0,0.0,0.0,0.0,0.0,0.2,3.41,0.0,2005
Mauritius,5.0,6316.44,25.3,16.7,0.6,56.4,0.0,0.7,0.3,0.0,0.72,7.31,0.0,2005
Mexico,6.48,8877.85,95.1,0.01,4.7,0.0,0.07,0.06,0.02,0.06,0.58,7.49,41486.0,2005
Micronesia (country),2.78,3022.8,0.0,0.0,0.0,0.0,0.0,0.0,0.0,0.0,0,6.02,0.0,2005
Middle East and North Africa,0.7,6201.01,0.0,0.0,0.0,0.0,0.0,0.0,0.0,0.0,0,,0.0,2005
Middle income,4.33,2969.37,0.0,0.0,0.0,0.0,0.0,0.0,0.0,0.0,0,,0.0,2005
Moldova,19.95,1907.12,97.4,0.6,1.4,0.0,0.0,0.6,0.0,0.0,0.26,10.79,373400.0,2005
Mongolia,5.28,2068.4,2.3,3.2,35.9,0.01,55.1,3.5,0.0,0.0,0.61,9.54,0.0,2005
Montenegro,0.0,5010.95,78.1,18.7,3.2,0.0,0.0,0.0,0.0,0.0,0.37,10.65,0.0,2005
Morocco,0.96,2109.06,0.06,99.9,0.0,0.0,0.0,0.0,0.01,0.04,0.22,3.79,37560.0,2005
Mozambique,1.3,383.71,56.7,18.0,17.9,0.0,0.0,7.4,0.0,0.0,0.35,2.14,0.0,2005
Myanmar,1.65,542.22,7.6,4.0,0.5,2.1,80.0,5.8,0.2,0.0,0.04,3.98,0.0,2005
Namibia,2.7,3680.66,97.5,0.3,1.9,0.0,0.0,0.2,0.0,0.0,0.54,6.12,0.0,2005
Nauru,3.4,3347.25,79.0,0.01,4.5,0.0,1.1,8.1,7.4,0.0,0,7.540303030303032,0.0,2005
Nepal,1.95,617.79,0.45,4.6,0.0,84.0,10.0,3.7,0.07,0.0,0.16,3.12,0.0,2005
Netherlands,10.71,42201.78,50.6,6.0,42.1,0.5,0.2,0.2,0.2,0.2,0.8,11.79,0.0,2005
New Zealand,10.92,35064.5,37.0,1.31,48.47,2.63,1.12,0.4,3.27,0.11,0.77,13.27,102000.0,2005
Nicaragua,5.3,1573.05,85.8,0.0,12.5,0.0,0.0,1.4,0.1,0.0,0.48,5.46,0.0,2005
Niger,0.25,411.13,0.8,98.4,0.7,0.0,0.0,0.0,0.0,0.0,0.46,1.37,0.0,2005
Nigeria,12.51,1948.05,38.23,61.34,0.04,0.0,0.01,1.0,0.06,0.0,0.34,5.14,0.0,2005
North America,9.49,51410.21,0.0,0.0,0.0,0.0,0.0,0.0,0.0,0.0,0.53,7.540303030303032,2968241.0,2005
North Korea,3.68,11435.27795,2.0,0.0,71.3,0.0,1.5,12.3,12.9,0.0,0.01,7.540303030303032,0.0,2005
North Macedonia,7.03,3600.95,0.0,0.0,0.0,0.0,0.0,0.0,0.0,0.0,0.41,7.64,83604.0,2005
Norway,8.87,73036.74,84.7,3.7,10.1,0.5,0.6,0.0,0.2,0.0,0.87,12.28,0.0,2005
Oman,1.56,19448.46,6.5,85.9,0.2,5.5,0.8,0.0,1.0,0.0,0.05,6.96,0.0,2005
Pakistan,0.16,1175.44,1.27,96.47,0.0,2.14,0.0,0.0,0.01,0.01,0.28,4.53,0.0,2005
Panama,5.49,7815.23,93.0,0.7,4.8,0.0,0.2,0.4,0.4,0.4,0.65,8.58,121.0,2005
Papua New Guinea,1.6,1887.67,99.2,0.0,0.0,0.0,0.0,0.4,0.2,0.0,0.32,3.55,0.0,2005
Paraguay,6.66,3922.56,96.9,0.0,1.1,0.0,0.0,1.7,0.2,0.0,0.35,7.35,1610.0,2005
Peru,6.99,3867.53,93.0,0.0,6.5,0.0,0.2,1.0,0.3,0.0,0.68,7.92,59000.0,2005
Philippines,5.67,2077.77,85.0,5.5,0.1,0.01,1.5,1.5,0.1,0.03,0.42,8.66,0.0,2005
Poland,10.6,8569.43,94.3,0.0,5.6,0.0,0.0,0.0,0.0,0.0,0.69,11.81,0.0,2005
Portugal,13.37,19224.04,93.8,0.6,4.4,0.1,0.6,0.5,0.0,0.0,0.81,7.49,706373.0,2005
Qatar,1.67,57624.13,14.2,65.5,0.9,15.1,3.1,0.0,0.7,0.0,0.08,8.69,0.0,2005
Romania,15.84,6299.41,84.82,0.31,0.68,0.0,0.0,0.01,0.12,13.04,0.42,10.23,260220.0,2005
Russia,17.36,7323.38,73.3,10.0,16.2,0.0,0.1,0.2,0.0,0.2,0.21,12.27,317440.0,2005
Rwanda,13.0,456.59,93.4,4.8,3.6,0.0,0.0,1.0,0.2,0.0,0.19,3.04,0.0,2005
Saint Kitts and Nevis,11.53,16652.5,94.6,0.3,1.6,1.5,0.0,1.3,0.8,0.0,0,7.19,0.0,2005
Saint Lucia,11.62,9664.94,91.1,0.1,6.0,0.3,0.0,0.5,2.0,0.0,0,7.92,0.0,2005
Saint Vincent and the Grenadines,5.99,6166.29,88.7,1.5,2.5,3.4,0.0,2.0,2.0,0.0,0,7.9,0.0,2005
Samoa,4.2,4031.45,96.8,0.1,2.5,0.0,0.0,0.0,0.3,0.0,0,11.22,0.0,2005
Sao Tome and Principe,8.72,1206.1,0.0,0.0,0.0,0.0,0.0,0.0,0.0,0.0,0.5,5.02,0.0,2005
Saudi Arabia,0.17,18683.38,4.4,93.0,0.7,1.1,0.3,0.3,0.3,0.0,0.06,7.76,0.0,2005
Senegal,0.85,1133.72,5.0,92.0,0.2,0.0,0.0,2.8,0.0,0.0,0.61,1.38,0.0,2005
Serbia,0.0,4404.96,92.5,4.2,3.3,0.0,0.0,0.0,0.0,0.0,0.56,8.97,0.0,2005
Seychelles,6.13,10566.55,94.0,1.1,2.1,2.1,0.0,0.0,0.6,0.0,0.31,10.35,0.0,2005
Sierra Leone,5.57,471.89,21.0,78.0,0.1,0.0,0.0,1.0,0.0,0.0,0.43,3.23,0.0,2005
Singapore,1.78,41726.11,18.2,14.3,16.4,6.0,33.9,2.3,9.7,0.0,0.31,10.56,0.0,2005
Slovakia,12.06,11425.9,68.8,0.1,23.8,0.02,0.1,0.04,0.7,6.5,0.71,11.15,40958.0,2005
Slovenia,12.3,19239.4,78.4,3.6,18.0,0.0,0.0,0.0,0.0,0.0,0.7,11.68,29329.0,2005
Solomon Islands,1.6,1826.66,97.4,0.1,0.2,0.0,0.3,1.3,0.7,0.0,0.33,4.82,0.0,2005
Somalia,0.07,2013.0,0.01,99.8,0.0,0.0,0.0,0.0,0.0,0.0,0.06,7.540303030303032,0.0,2005
South Africa,9.58,5587.79,81.2,2.0,14.9,1.7,0.2,0.4,0.3,0.1,0.69,8.9,840649.0,2005
South Asia,1.92,962.18,0.0,0.0,0.0,0.0,0.0,0.0,0.0,0.0,0,,0.0,2005
South Korea,10.58,21193.36,29.4,0.2,46.4,0.11,22.9,0.8,0.2,0.0,0.79,11.24,0.0,2005
Spain,12.83,26146.16,78.6,2.1,19.0,0.04,0.0,0.04,0.02,0.1,0.8,8.92,3643700.0,2005
Sri Lanka,2.59,2244.82,0.0,0.0,0.0,30.6,70.3,0.0,0.0,0.0,0.27,10.13,0.0,2005
Sub-Saharan Africa,6.11,1394.92,0.0,0.0,0.0,0.0,0.0,0.0,0.0,0.0,0,,0.0,2005
Sudan,0.0,1302.55,5.4,90.7,1.0,0.0,0.0,2.8,0.0,0.0,0.06,2.93,0.0,2005
Suriname,5.41,7550.38,51.6,15.2,5.4,19.8,0.6,5.3,1.8,0.2,0.65,7.88,0.0,2005
Sweden,8.64,45990.38,76.2,4.6,27.0,0.2,0.4,0.2,0.2,0.1,0.88,12.26,0.0,2005
Switzerland,11.64,76784.64,81.3,5.5,11.9,0.4,0.4,0.0,0.1,0.3,0.85,11.21,100096.0,2005
Syria,0.92,1433.82,5.2,92.8,2.0,0.0,0.0,0.0,0.0,0.0,0.03,5.86,225.0,2005
Tajikistan,2.51,630.78,1.6,96.7,1.5,0.01,0.0,0.0,0.0,0.0,0.09,10.99,536.0,2005
Tanzania,8.71,692.48,61.4,35.2,1.4,0.1,0.0,1.8,0.07,0.0,0.36,4.64,0.0,2005
Thailand,6.81,4412.44,0.9,5.5,0.3,0.2,93.2,0.09,0.0,0.0,0.48,7.08,0.0,2005
Timor,0.83,918.73,0.0,0.0,0.0,0.0,0.0,0.0,0.0,0.0,0.35,3.72,0.0,2005
Togo,3.26,467.82,43.7,20.0,6.2,0.0,0.0,35.6,0.6,0.0,0.28,3.94,0.0,2005
Tonga,2.32,3875.16,99.0,0.1,0.0,0.1,0.0,0.0,0.8,0.0,0,10.07,0.0,2005
Trinidad and Tobago,6.17,15312.72,65.9,5.9,1.9,22.7,0.3,1.9,1.4,0.0,0.65,9.79,0.0,2005
Tunisia,1.46,3350.56,0.2,99.5,0.2,0.0,0.0,0.0,0.0,0.1,0.13,5.81,28563.0,2005
Turkey,2.12,7738.58,0.4,98.0,1.2,0.0,0.05,0.03,0.2,0.03,0.49,5.97,25982.0,2005
Turkmenistan,4.88,2786.77,6.4,93.0,0.5,0.0,0.0,0.0,0.0,0.0,0.01,10.83,43200.0,2005
Tuvalu,2.03,2722.4,99.8,0.2,0.0,0.0,0.0,0.0,0.0,0.0,0,8.85,0.0,2005
Uganda,12.92,610.49,86.7,11.5,0.5,0.3,0.0,0.9,0.1,0.0,0.26,4.62,0.0,2005
Ukraine,12.01,2144.25,83.8,1.2,14.7,0.0,0.0,0.0,0.0,0.1,0.38,11.33,212970.0,2005
United Arab Emirates,3.64,53844.72,14.0,70.0,1.1,10.0,2.0,0.0,0.8,0.0,0.09,8.99,0.0,2005
United Kingdom,13.89,43137.25,0.0,0.0,0.0,0.0,0.0,0.0,0.0,0.0,0.76,11.97,1314.0,2005
United States,9.49,52796.09,78.3,0.9,16.4,0.6,1.2,0.2,0.6,1.8,0.79,12.83,2888000.0,2005
Upper middle income,5.89,4760.18,0.0,0.0,0.0,0.0,0.0,0.0,0.0,0.0,0,,0.0,2005
Uruguay,7.46,10169.6,57.9,0.0,40.7,0.0,0.0,0.8,0.3,0.3,0.84,8.31,89201.0,2005
Uzbekistan,4.15,1560.29,2.3,96.7,0.8,0.01,0.01,0.01,0.0,0.01,0.03,10.5,24100.0,2005
Vanuatu,1.2,2621.91,93.3,0.1,1.2,0.0,0.0,4.1,1.4,0.0,0.49,6.5,0.0,2005
Venezuela,9.42,11435.27795,89.3,0.3,10.0,0.0,0.0,0.2,0.07,0.0,0.26,7.38,0.0,2005
Vietnam,2.63,1273.35,8.2,0.2,29.6,0.21,16.4,45.3,0.4,0.0,0.19,6.7,0.0,2005
World,5.43,8655.98,0.0,0.0,0.0,0.0,0.0,0.0,0.0,0.0,0.42,7.42,28532150.0,2005
Yemen,0.34,2536.19,0.2,99.1,0.1,0.6,0.0,0.0,0.0,0.0,0.18,1.86,0.0,2005
Zambia,3.9,918.31,97.6,1.0,0.5,0.1,0.0,0.3,0.9,0.0,0.46,6.05,0.0,2005
Zimbabwe,2.77,1137.3,87.0,1.0,7.9,0.0,0.0,3.8,0.3,0.08,0.18,7.16,1600.0,2005
Afghanistan,0.21,526.1,0.01,99.7,0.0,0.0,0.0,0.0,0.06,0.0,0.3,2.11,0.0,2010
Albania,7.69,3577.11,18.0,80.3,1.4,0.0,0.0,0.0,0.2,0.0,0.42,9.63,18100.0,2010
Algeria,0.65,3918.49,1.0,98.0,1.8,0.0,0.0,0.2,0.0,0.8,0.25,7.51,9094.0,2010
Andorra,11.11,34667.17,89.5,0.8,8.8,0.5,0.0,0.0,0.1,0.3,0,10.53,0.0,2010
Angola,8.16,3988.62,90.5,1.0,5.1,0.0,0.0,4.2,0.0,0.0,0.09,3.83,0.0,2010
Antigua and Barbuda,5.6,13986.84,93.0,0.6,1.7,0.2,0.0,3.6,1.0,0.0,0,9.24,0.0,2010
Argentina,9.09,13551.34,85.2,1.0,12.2,0.0,0.05,0.8,0.3,0.5,0.63,10.6,1608826.0,2010
Armenia,5.69,2958.84,98.5,0.0,1.3,0.0,0.0,0.0,0.1,0.0,0.18,11.12,5865.0,2010
Australia,12.39,53542.83,43.9,3.2,38.9,2.7,2.4,1.3,0.8,0.4,0.8,12.03,1142297.0,2010
Austria,12.2,43334.51,68.2,8.3,13.5,0.0,0.2,0.0,0.1,0.0,0.77,11.71,173745.0,2010
Azerbaijan,2.97,5215.02,3.0,96.9,0.0,0.0,0.0,0.0,0.0,0.0,0.05,10.47,11697.0,2010
Bahamas,4.12,32238.12,96.0,0.1,3.1,0.0,0.0,0.3,0.3,0.0,0,11.86,0.0,2010
Bahrain,1.69,20982.34,14.5,70.3,1.9,9.8,2.5,0.0,0.2,0.6,0.14,8.03,0.0,2010
Bangladesh,0.16,972.91,0.3,91.04,0.0,7.95,0.61,0.4,0.12,0.0,0.19,5.12,0.0,2010
Barbados,7.95,16754.63,95.2,1.0,1.9,0.4,0.0,0.0,1.4,0.0,0.65,9.65,0.0,2010
Belarus,17.43,5621.94,71.2,0.2,28.6,0.0,0.0,0.0,0.0,0.0,0.09,11.29,25110.0,2010
Belgium,11.4,39777.93,64.25,5.9,29.0,0.0,0.2,0.2,0.0,0.3,0.79,11.42,3000.0,2010
Belize,7.08,4728.77,87.6,0.1,8.9,0.2,0.5,1.5,0.1,1.0,0,10.49,0.0,2010
Benin,2.47,988.61,48.0,28.0,6.0,0.0,0.0,18.0,0.0,0.0,0.57,3.0,0.0,2010
Bhutan,0.92,2235.32,0.0,0.0,0.0,25.0,74.7,1.9,0.0,0.0,0.21,2.31,0.0,2010
Bolivia,5.56,2514.43,93.9,0.0,4.1,0.0,0.0,0.9,1.0,0.0,0.64,7.71,7423.0,2010
Bosnia and Herzegovina,7.32,4095.96,45.9,50.7,2.5,0.0,0.0,0.0,0.0,0.0,0.45,7.11,4504.0,2010
Botswana,8.62,5642.22,72.1,0.4,20.6,0.3,0.0,6.0,0.6,0.0,0.62,8.87,0.0,2010
Brazil,8.49,8702.25,95.9,0.02,7.9,0.0,0.1,2.8,0.2,0.06,0.81,6.88,245900.0,2010
Brunei,0.51,33437.12,9.4,75.1,0.4,0.5,8.6,6.2,0.1,0.0,0,8.77,0.0,2010
Bulgaria,11.32,6427.81,64.7,9.8,15.9,0.0,0.0,0.03,0.1,9.5,0.63,10.72,150083.0,2010
Burkina Faso,8.58,582.42,22.5,62.0,0.4,0.0,0.0,15.4,0.0,0.0,0.45,0.87,0.0,2010
Burundi,7.66,313.31,91.5,10.0,0.0,0.0,0.0,5.7,0.0,0.0,0.24,2.29,0.0,2010
Cambodia,4.91,892.1,0.4,2.0,0.2,0.1,96.9,0.6,0.0,0.0,0.2,4.1,0.0,2010
Cameroon,8.43,1248.18,70.3,30.0,5.3,0.0,0.0,3.3,2.7,0.0,0.2,5.2,0.0,2010
Canada,10.1,41155.32,72.0,2.1,23.7,1.4,0.8,1.2,0.9,1.0,0.75,13.51,50743.0,2010
Cape Verde,7.51,3010.72,89.1,2.0,9.1,0.0,0.0,1.5,0.2,0.0,0.67,5.12,0.0,2010
Central African Republic,3.98,531.71,89.5,15.0,1.0,0.0,0.0,1.0,0.0,0.0,0.17,3.57,0.0,2010
Chad,6.58,724.03,40.6,58.0,2.5,0.0,0.0,1.4,0.1,0.0,0.12,1.84,0.0,2010
Chile,9.31,11809.14,89.4,0.0,8.6,0.0,0.06,1.5,0.2,0.1,0.8,9.85,884413.0,2010
China,7.07,5647.06,0.0,0.0,0.0,0.0,0.0,0.0,0.0,0.0,0.17,6.73,1600000.0,2010
Colombia,5.04,5162.71,86.0,0.2,11.0,0.01,0.01,1.0,2.0,0.01,0.36,7.39,8230.0,2010
Comoros,0.25,1208.48,0.2,99.8,0.0,0.0,0.0,0.0,0.0,0.0,0.35,4.16,0.0,2010
Congo,6.17,2421.71,85.9,2.0,9.0,0.0,0.0,2.8,1.1,0.0,0.17,5.67,0.0,2010
Costa Rica,4.8,10236.98,90.9,0.0,7.9,0.0,0.0,0.8,0.3,0.0,0.85,8.23,0.0,2010
Cote d'Ivoire,2.53,1687.22,0.0,0.0,0.0,0.0,0.0,0.0,0.0,0.0,0.33,5.17,0.0,2010
Croatia,10.08,11748.95,87.46,1.32,6.39,0.0,0.0,0.0,1.87,3.86,0.58,11.02,46346.0,2010
Cuba,5.02,6759.34,59.2,0.0,23.0,0.2,0.0,17.4,0.0,0.0,0.06,11.23,10760.0,2010
Cyprus,11.35,26019.76,73.2,25.3,1.2,0.0,0.2,0.0,0.0,0.0,0.75,11.44,10923.0,2010
Czechia,14.06,16505.95,0.0,0.0,0.0,0.0,0.0,0.0,0.0,0.0,0.8,12.39,46276.0,2010
Democratic Republic of Congo,1.75,404.15,95.8,1.9,1.8,0.05,0.0,0.7,0.1,3e-05,0.13,5.6,0.0,2010
Denmark,11.0,51173.46,83.5,4.1,11.8,0.4,0.2,0.0,0.0,0.0,0.87,12.43,0.0,2010
Djibouti,0.67,2013.0,2.3,96.9,0.2,0.0,0.0,0.3,0.0,0.2,0.14,3.97,0.0,2010
Dominica,9.65,7680.48,94.4,0.1,0.5,0.0,0.1,3.0,1.7,0.0,0,7.84,0.0,2010
Dominican Republic,6.11,5771.92,88.0,0.0,10.9,0.0,0.0,0.9,0.1,0.0,0.48,7.24,0.0,2010
East Asia and Pacific,6.26,7767.24,0.0,0.0,0.0,0.0,0.0,0.0,0.0,0.0,0,,0.0,2010
Ecuador,6.16,5323.74,94.1,0.0,5.5,0.0,0.0,0.3,0.0,0.0,0.41,7.85,0.0,2010
Egypt,0.36,3485.28,11.2,88.9,0.0,0.0,0.0,0.0,0.0,0.1,0.15,7.37,4400.0,2010
El Salvador,3.31,3334.93,88.2,0.0,11.0,0.0,0.0,0.5,0.3,0.0,0.35,6.34,0.0,2010
Equatorial Guinea,9.2,13841.4,88.7,10.0,5.0,0.0,0.0,1.7,0.5,0.0,0.07,5.47,0.0,2010
Eritrea,1.38,653.87,50.0,48.0,0.1,0.0,0.0,0.4,0.0,0.0,0.02,4.35,0.0,2010
Estonia,12.39,14585.84,39.9,0.2,59.6,0.0,0.0,0.0,0.0,0.1,0.76,13.33,0.0,2010
Eswatini,6.82,3304.44,88.1,2.0,10.1,0.1,0.0,1.0,0.4,0.0,0.08,4.02,0.0,2010
Ethiopia,2.5,453.3,54.0,42.6,0.06,0.0,0.0,2.6,0.0,1.0,0.15,2.13,914.0,2010
Europe and Central Asia,11.04,21424.77,0.0,0.0,0.0,0.0,0.0,0.0,0.0,0.0,0,,0.0,2010
European Union,11.21,29211.43,0.0,0.0,0.0,0.0,0.0,0.0,0.0,0.0,0,,0.0,2010
Fiji,3.0,4523.87,64.4,6.4,0.8,27.9,0.0,0.0,0.5,0.0,0.37,9.66,0.0,2010
Finland,12.59,43563.57,81.6,0.8,17.6,0.0,0.0,0.0,0.0,0.0,0.82,12.42,0.0,2010
France,12.4,35639.8,63.0,7.5,28.0,0.05,0.5,0.3,0.2,0.5,0.81,10.78,4531671.0,2010
Gabon,9.89,6863.54,76.5,11.2,5.6,0.0,0.0,6.0,0.7,0.0,0.29,7.57,0.0,2010
Gambia,3.81,753.18,0.0,0.0,0.0,0.0,0.0,0.0,0.0,0.0,0.08,3.18,0.0,2010
Georgia,9.67,3100.72,88.5,10.7,0.7,0.0,0.0,0.0,0.0,0.0,0.38,12.38,103400.0,2010
Germany,12.64,37760.91,68.7,5.8,24.7,0.0,0.3,0.3,0.1,0.0,0.87,13.85,690600.0,2010
Ghana,4.26,1419.12,74.9,17.8,4.2,0.0,0.0,4.9,0.2,0.0,0.66,7.58,0.0,2010
Greece,9.67,21560.35,88.1,5.3,6.1,0.1,0.0,0.0,0.0,0.0,0.75,10.21,339073.0,2010
Grenada,8.31,8057.69,96.6,0.3,1.0,0.7,0.0,1.3,0.2,0.0,0,8.3,0.0,2010
Guatemala,3.51,3606.43,95.2,0.0,4.1,0.0,0.0,0.6,0.07,0.0,0.4,4.42,0.0,2010
Guinea,0.7,689.26,10.9,84.4,1.8,0.0,0.0,2.7,0.0,0.0,0.1,1.58,0.0,2010
Guinea-Bissau,4.47,585.69,20.0,45.2,4.0,0.0,0.0,28.0,0.0,0.0,0.23,2.84,0.0,2010
Guyana,6.78,4847.43,66.0,6.4,2.0,27.9,0.0,0.2,0.6,0.0,0.35,8.1,0.0,2010
Haiti,2.99,1296.81,86.9,0.0,10.6,0.0,0.0,2.2,0.3,0.0,0.21,4.74,0.0,2010
High income,9.64,37907.89,0.0,0.0,0.0,0.0,0.0,0.0,0.0,0.0,0,,0.0,2010
Honduras,3.59,2106.0,87.6,0.1,10.5,0.0,0.1,1.1,0.6,0.0,0.42,5.43,0.0,2010
Hungary,12.09,11313.52,81.0,0.0,18.6,0.0,0.0,0.1,0.0,0.0,0.63,11.88,181279.0,2010
Iceland,7.5,48193.7,95.0,0.2,3.5,0.3,0.4,0.5,0.2,0.0,0.74,10.89,0.0,2010
India,4.35,1244.37,2.3,14.23,0.24,79.8,0.7,0.0,1.04,1.72,0.65,5.07,0.0,2010
Indonesia,0.59,2720.19,10.53,83.91,3.04,1.69,0.73,0.04,0.02,0.0,0.65,7.41,0.0,2010
Iran,1.01,5332.11,0.4,96.5,1.5,0.0,0.0,0.0,1.6,0.0,0.21,9.71,0.0,2010
Iraq,0.49,4052.06,0.8,99.0,0.1,0.0,0.0,0.0,0.06,0.0,0.23,7.0,0.0,2010
Ireland,12.07,45932.02,85.14,1.32,10.12,0.29,0.2,0.0,0.2,0.05,0.71,11.57,0.0,2010
Israel,3.12,32504.71,2.0,18.6,3.1,0.0,0.3,0.2,0.1,75.6,0.59,12.5,5000.0,2010
Italy,7.34,32058.17,83.3,3.7,12.4,0.1,0.2,0.1,0.1,0.08,0.78,9.82,4469318.0,2010
Jamaica,4.38,4888.58,77.2,0.0,17.2,0.0,0.0,4.5,1.0,0.0,0.62,8.36,0.0,2010
Japan,7.2,32942.2,1.6,0.2,57.0,0.04,36.2,0.4,4.7,0.0,0.75,12.53,75000.0,2010
Jordan,0.64,4644.17,2.2,97.2,0.0,0.1,0.4,0.0,0.0,0.0,0.2,9.61,438.0,2010
Kazakhstan,4.97,8979.33,24.8,70.4,4.2,0.01,0.2,0.3,0.1,0.0,0.1,11.15,17232.0,2010
Kenya,3.29,1326.39,84.8,9.7,2.5,0.1,0.0,1.7,1.2,0.0,0.43,6.19,0.0,2010
Kiribati,1.65,1367.74,97.0,0.2,0.8,0.0,0.0,0.0,2.0,0.0,0,7.87,0.0,2010
Kuwait,0.03,32035.38,14.3,74.1,0.0,8.5,2.8,0.0,0.3,0.0,0.31,6.85,0.0,2010
Kyrgyzstan,10.08,966.15,11.4,88.0,0.4,0.01,0.0,0.1,0.0,0.0,0.21,11.03,1640.0,2010
Laos,7.1,1586.2,1.5,0.0,0.9,0.01,66.0,30.7,0.7,0.0,0.04,4.57,0.0,2010
Latin America and Caribbean,7.0,8110.58,0.0,0.0,0.0,0.0,0.0,0.0,0.0,0.0,0,,0.0,2010
Latvia,11.63,10963.68,55.8,0.1,43.8,0.0,0.0,0.0,0.2,0.0,0.62,12.56,2500.0,2010
Lebanon,1.94,9135.5,47.3,55.3,0.3,0.0,0.2,0.0,0.0,0.0,0.32,8.23,14820.0,2010
Lesotho,6.5,995.58,96.7,0.1,3.1,0.0,0.0,0.1,0.0,0.0,0.4,5.09,0.0,2010
Liberia,5.37,648.55,85.9,20.0,1.4,0.0,0.0,0.5,0.1,0.0,0.28,4.09,0.0,2010
Libya,0.1,8870.66,2.7,96.6,0.2,0.0,0.3,0.0,0.0,0.0,0.04,7.31,0.0,2010
Lithuania,15.25,11106.95,89.8,0.1,10.0,0.0,0.0,0.0,0.0,0.0,0.73,12.46,7244.0,2010
Low and middle income,5.51,3612.17,0.0,0.0,0.0,0.0,0.0,0.0,0.0,0.0,0,,0.0,2010
Low income,3.24,777.63,0.0,0.0,0.0,0.0,0.0,0.0,0.0,0.0,0,,0.0,2010
Lower middle income,3.89,1762.83,0.0,0.0,0.0,0.0,0.0,0.0,0.0,0.0,0,,0.0,2010
Luxembourg,12.98,106544.05,70.4,2.3,26.8,0.0,0.0,0.0,0.3,0.1,0.82,12.84,11025.0,2010
Madagascar,1.87,469.24,85.3,3.0,6.9,0.05,0.0,4.5,0.1,0.0,0.28,4.71,8300.0,2010
Malawi,3.21,358.94,82.7,13.0,2.5,0.0,0.0,1.7,0.0,0.0,0.38,3.99,0.0,2010
Malaysia,1.32,8247.78,9.2,63.2,0.7,6.5,17.7,2.3,0.2,0.0,0.25,9.7,0.0,2010
Maldives,1.65,8521.84,0.0,100.0,0.0,0.0,0.0,0.0,0.0,0.0,0.16,4.38,0.0,2010
Mali,1.09,731.53,3.2,95.0,0.6,0.0,0.0,1.2,0.0,0.0,0.5,1.5,0.0,2010
Malta,6.58,20557.65,97.0,0.2,2.5,0.2,0.0,0.0,0.0,0.0,0.67,10.31,2380.0,2010
Mauritania,0.09,1417.05,0.1,99.9,0.0,0.0,0.0,0.0,0.0,0.0,0.2,3.83,0.0,2010
Mauritius,3.81,7817.84,25.3,16.7,0.6,56.4,0.0,0.7,0.3,0.0,0.72,8.32,0.0,2010
Mexico,5.21,8878.56,95.1,0.01,4.7,0.0,0.07,0.06,0.02,0.06,0.58,8.01,34356.0,2010
Micronesia (country),2.85,3084.75,0.0,0.0,0.0,0.0,0.0,0.0,0.0,0.0,0,7.2,0.0,2010
Middle East and North Africa,0.8,6887.45,0.0,0.0,0.0,0.0,0.0,0.0,0.0,0.0,0,,0.0,2010
Middle income,5.66,3891.78,0.0,0.0,0.0,0.0,0.0,0.0,0.0,0.0,0,,0.0,2010
Moldova,15.54,2254.93,97.4,0.6,1.4,0.0,0.0,0.6,0.0,0.0,0.26,11.49,132560.0,2010
Mongolia,9.65,2629.65,2.3,3.2,35.9,0.01,55.1,3.5,0.0,0.0,0.61,10.04,0.0,2010
Montenegro,15.07,5979.52,78.1,18.7,3.2,0.0,0.0,0.0,0.0,0.0,0.37,11.18,17986.0,2010
Morocco,0.9,2534.26,0.06,99.9,0.0,0.0,0.0,0.0,0.01,0.04,0.22,4.24,33695.0,2010
Mozambique,1.63,479.88,56.7,18.0,17.9,0.0,0.0,7.4,0.0,0.0,0.35,2.48,0.0,2010
Myanmar,2.9,902.54,7.6,4.0,0.5,2.1,80.0,5.8,0.2,0.0,0.04,4.59,0.0,2010
Namibia,1.99,4147.32,97.5,0.3,1.9,0.0,0.0,0.2,0.0,0.0,0.54,6.4,0.0,2010
Nauru,5.73,4116.75,79.0,0.01,4.5,0.0,1.1,8.1,7.4,0.0,0,8.000200000000001,0.0,2010
Nepal,1.94,731.66,0.45,4.6,0.0,84.0,10.0,3.7,0.07,0.0,0.16,3.45,0.0,2010
Netherlands,10.21,44390.5,50.6,6.0,42.1,0.5,0.2,0.2,0.2,0.2,0.8,11.98,0.0,2010
New Zealand,11.32,35406.68,37.0,1.31,48.47,2.63,1.12,0.4,3.27,0.11,0.77,13.38,190000.0,2010
Nicaragua,4.79,1679.04,85.8,0.0,12.5,0.0,0.0,1.4,0.1,0.0,0.48,6.0,0.0,2010
Niger,0.31,443.35,0.8,98.4,0.7,0.0,0.0,0.0,0.0,0.0,0.46,1.53,0.0,2010
Nigeria,11.72,2403.65,38.23,61.34,0.04,0.0,0.01,1.0,0.06,0.0,0.34,5.25,0.0,2010
North America,9.44,51622.81,0.0,0.0,0.0,0.0,0.0,0.0,0.0,0.0,0.53,8.000200000000001,2807043.0,2010
North Korea,3.78,11936.762600000007,2.0,0.0,71.3,0.0,1.5,12.3,12.9,0.0,0.01,8.000200000000001,0.0,2010
North Macedonia,5.93,4339.96,0.0,0.0,0.0,0.0,0.0,0.0,0.0,0.0,0.41,8.5,77209.0,2010
Norway,8.94,72426.56,84.7,3.7,10.1,0.5,0.6,0.0,0.2,0.0,0.87,12.55,0.0,2010
Oman,0.73,20640.31,6.5,85.9,0.2,5.5,0.8,0.0,1.0,0.0,0.05,7.92,0.0,2010
Pakistan,0.19,1238.87,1.27,96.47,0.0,2.14,0.0,0.0,0.01,0.01,0.28,4.59,0.0,2010
Panama,6.84,10232.36,93.0,0.7,4.8,0.0,0.2,0.4,0.4,0.4,0.65,9.28,184.0,2010
Papua New Guinea,1.67,2235.1,99.2,0.0,0.0,0.0,0.0,0.4,0.2,0.0,0.32,3.95,0.0,2010
Paraguay,7.58,4767.28,96.9,0.0,1.1,0.0,0.0,1.7,0.2,0.0,0.35,7.24,1300.0,2010
Peru,7.69,5177.84,93.0,0.0,6.5,0.0,0.2,1.0,0.3,0.0,0.68,8.87,52000.0,2010
Philippines,6.98,2433.01,85.0,5.5,0.1,0.01,1.5,1.5,0.1,0.03,0.42,8.91,0.0,2010
Poland,11.21,10858.54,94.3,0.0,5.6,0.0,0.0,0.0,0.0,0.0,0.69,12.31,0.0,2010
Portugal,12.51,19670.36,93.8,0.6,4.4,0.1,0.6,0.5,0.0,0.0,0.81,8.06,714792.0,2010
Qatar,1.69,63001.71,14.2,65.5,0.9,15.1,3.1,0.0,0.7,0.0,0.08,8.55,0.0,2010
Romania,13.97,7626.29,84.82,0.31,0.68,0.0,0.0,0.01,0.12,13.04,0.42,10.73,328724.0,2010
Russia,15.87,8755.11,73.3,10.0,16.2,0.0,0.1,0.2,0.0,0.2,0.21,12.41,760530.0,2010
Rwanda,10.27,599.21,93.4,4.8,3.6,0.0,0.0,1.0,0.2,0.0,0.19,3.76,0.0,2010
Saint Kitts and Nevis,9.45,16718.1,94.6,0.3,1.6,1.5,0.0,1.3,0.8,0.0,0,7.85,0.0,2010
Saint Lucia,9.69,10151.05,91.1,0.1,6.0,0.3,0.0,0.5,2.0,0.0,0,8.37,0.0,2010
Saint Vincent and the Grenadines,7.03,6617.78,88.7,1.5,2.5,3.4,0.0,2.0,2.0,0.0,0,8.26,0.0,2010
Samoa,2.97,4080.92,96.8,0.1,2.5,0.0,0.0,0.0,0.3,0.0,0,11.6,0.0,2010
Sao Tome and Principe,8.34,1402.3,0.0,0.0,0.0,0.0,0.0,0.0,0.0,0.0,0.5,5.27,0.0,2010
Saudi Arabia,0.17,18568.37,4.4,93.0,0.7,1.1,0.3,0.3,0.3,0.0,0.06,8.95,0.0,2010
Senegal,0.6,1149.65,5.0,92.0,0.2,0.0,0.0,2.8,0.0,0.0,0.61,2.22,0.0,2010
Serbia,11.69,5206.09,92.5,4.2,3.3,0.0,0.0,0.0,0.0,0.0,0.56,10.37,238233.0,2010
Seychelles,10.19,12080.94,94.0,1.1,2.1,2.1,0.0,0.0,0.6,0.0,0.31,10.33,0.0,2010
Sierra Leone,5.83,535.82,21.0,78.0,0.1,0.0,0.0,1.0,0.0,0.0,0.43,3.68,0.0,2010
Singapore,2.19,48668.58,18.2,14.3,16.4,6.0,33.9,2.3,9.7,0.0,0.31,11.18,0.0,2010
Slovakia,12.0,14526.4,68.8,0.1,23.8,0.02,0.1,0.04,0.7,6.5,0.71,12.27,27785.0,2010
Slovenia,11.54,20612.59,78.4,3.6,18.0,0.0,0.0,0.0,0.0,0.0,0.7,12.06,22680.0,2010
Solomon Islands,1.6,2099.33,97.4,0.1,0.2,0.0,0.3,1.3,0.7,0.0,0.33,5.1,0.0,2010
Somalia,0.28,2013.0,0.01,99.8,0.0,0.0,0.0,0.0,0.0,0.0,0.06,8.000200000000001,0.0,2010
South Africa,10.04,6084.97,81.2,2.0,14.9,1.7,0.2,0.4,0.3,0.1,0.69,9.67,932695.0,2010
South Asia,3.45,1221.21,0.0,0.0,0.0,0.0,0.0,0.0,0.0,0.0,0,,0.0,2010
South Korea,9.97,25451.0,29.4,0.2,46.4,0.11,22.9,0.8,0.2,0.0,0.79,11.64,0.0,2010
Spain,10.03,25702.71,78.6,2.1,19.0,0.04,0.0,0.04,0.02,0.1,0.8,9.36,3610000.0,2010
Sri Lanka,3.92,2950.39,0.0,0.0,0.0,30.6,70.3,0.0,0.0,0.0,0.27,10.24,0.0,2010
Sub-Saharan Africa,6.29,1581.49,0.0,0.0,0.0,0.0,0.0,0.0,0.0,0.0,0,,0.0,2010
Sudan,0.0,1344.17,5.4,90.7,1.0,0.0,0.0,2.8,0.0,0.0,0.06,3.13,0.0,2010
Suriname,6.22,8941.99,51.6,15.2,5.4,19.8,0.6,5.3,1.8,0.2,0.65,8.73,0.0,2010
Sweden,9.49,48369.91,76.2,4.6,27.0,0.2,0.4,0.2,0.2,0.1,0.88,12.21,0.0,2010
Switzerland,11.41,82026.73,81.3,5.5,11.9,0.4,0.4,0.0,0.1,0.3,0.85,13.32,103094.0,2010
Syria,0.88,1592.35,5.2,92.8,2.0,0.0,0.0,0.0,0.0,0.0,0.03,6.25,72.0,2010
Tajikistan,2.4,783.52,1.6,96.7,1.5,0.01,0.0,0.0,0.0,0.0,0.09,11.17,215.0,2010
Tanzania,9.74,808.14,61.4,35.2,1.4,0.1,0.0,1.8,0.07,0.0,0.36,5.22,0.0,2010
Thailand,7.71,5163.6,0.9,5.5,0.3,0.2,93.2,0.09,0.0,0.0,0.48,7.61,0.0,2010
Timor,0.7,1185.62,0.0,0.0,0.0,0.0,0.0,0.0,0.0,0.0,0.35,4.42,0.0,2010
Togo,2.11,483.24,43.7,20.0,6.2,0.0,0.0,35.6,0.6,0.0,0.28,3.83,0.0,2010
Tonga,1.39,3769.07,99.0,0.1,0.0,0.1,0.0,0.0,0.8,0.0,0,10.75,0.0,2010
Trinidad and Tobago,6.21,18105.35,65.9,5.9,1.9,22.7,0.3,1.9,1.4,0.0,0.65,10.47,0.0,2010
Tunisia,1.4,3975.73,0.2,99.5,0.2,0.0,0.0,0.0,0.0,0.1,0.13,6.65,22150.0,2010
Turkey,2.32,8491.59,0.4,98.0,1.2,0.0,0.05,0.03,0.2,0.03,0.49,7.09,27950.0,2010
Turkmenistan,4.82,4265.95,6.4,93.0,0.5,0.0,0.0,0.0,0.0,0.0,0.01,10.95,37737.0,2010
Tuvalu,1.68,2820.6,99.8,0.2,0.0,0.0,0.0,0.0,0.0,0.0,0,9.42,0.0,2010
Uganda,13.5,767.74,86.7,11.5,0.5,0.3,0.0,0.9,0.1,0.0,0.26,5.89,0.0,2010
Ukraine,13.57,2315.1,83.8,1.2,14.7,0.0,0.0,0.0,0.0,0.1,0.38,11.51,300200.0,2010
United Arab Emirates,3.15,32534.82,14.0,70.0,1.1,10.0,2.0,0.0,0.8,0.0,0.09,9.83,0.0,2010
United Kingdom,12.06,42487.93,0.0,0.0,0.0,0.0,0.0,0.0,0.0,0.0,0.76,13.21,1290.0,2010
United States,9.36,52760.0,78.3,0.9,16.4,0.6,1.2,0.2,0.6,1.8,0.79,13.05,2711000.0,2010
Upper middle income,7.53,6503.71,0.0,0.0,0.0,0.0,0.0,0.0,0.0,0.0,0,,0.0,2010
Uruguay,7.1,13433.06,57.9,0.0,40.7,0.0,0.0,0.8,0.3,0.3,0.84,8.33,76863.0,2010
Uzbekistan,3.01,2131.36,2.3,96.7,0.8,0.01,0.01,0.01,0.0,0.01,0.03,10.97,21280.0,2010
Vanuatu,1.7,2855.87,93.3,0.1,1.2,0.0,0.0,4.1,1.4,0.0,0.49,6.68,0.0,2010
Venezuela,8.67,11936.762600000007,89.3,0.3,10.0,0.0,0.0,0.2,0.07,0.0,0.26,8.69,0.0,2010
Vietnam,4.9,1648.26,8.2,0.2,29.6,0.21,16.4,45.3,0.4,0.0,0.19,7.63,5982.0,2010
World,6.28,9348.3,0.0,0.0,0.0,0.0,0.0,0.0,0.0,0.0,0.42,7.77,27013881.0,2010
Yemen,0.18,2722.52,0.2,99.1,0.1,0.6,0.0,0.0,0.0,0.0,0.18,2.6,0.0,2010
Zambia,5.43,1214.69,97.6,1.0,0.5,0.1,0.0,0.3,0.9,0.0,0.46,6.32,0.0,2010
Zimbabwe,3.93,1110.45,87.0,1.0,7.9,0.0,0.0,3.8,0.3,0.08,0.18,7.67,1750.0,2010
Afghanistan,0.21,556.01,0.01,99.7,0.0,0.0,0.0,0.0,0.06,0.0,0.34,2.37,0.0,2015
Albania,6.74,3952.8,18.0,80.3,1.4,0.0,0.0,0.0,0.2,0.0,0.27,10.55,16400.0,2015
Algeria,0.93,4177.89,1.0,98.0,1.8,0.0,0.0,0.2,0.0,0.8,0.23,7.81,9563.0,2015
Andorra,11.01,35770.78,89.5,0.8,8.8,0.5,0.0,0.0,0.1,0.3,0.0,10.57,0.0,2015
Angola,7.96,4166.98,90.5,1.0,5.1,0.0,0.0,4.2,0.0,0.0,0.13,4.7,0.0,2015
Antigua and Barbuda,5.89,14285.33,93.0,0.6,1.7,0.2,0.0,3.6,1.0,0.0,0.0,9.17,0.0,2015
Argentina,9.55,13789.06,85.2,1.0,12.2,0.0,0.05,0.8,0.3,0.5,0.6,10.92,1336196.0,2015
Armenia,5.84,3607.29,98.5,0.0,1.3,0.0,0.0,0.0,0.1,0.0,0.23,11.57,5932.0,2015
Australia,10.83,56707.02,43.9,3.2,38.9,2.7,2.4,1.3,0.8,0.4,0.81,12.25,1191193.0,2015
Austria,12.07,44195.82,68.2,8.3,13.5,0.0,0.2,0.0,0.1,0.0,0.8,12.08,226840.0,2015
Azerbaijan,4.58,5500.31,3.0,96.9,0.0,0.0,0.0,0.0,0.0,0.0,0.06,10.48,10350.0,2015
Bahamas,4.55,31776.05,96.0,0.1,3.1,0.0,0.0,0.3,0.3,0.0,0.0,12.29,0.0,2015
Bahrain,1.3,22634.09,14.5,70.3,1.9,9.8,2.5,0.0,0.2,0.6,0.05,9.11,0.0,2015
Bangladesh,0.02,1248.45,0.3,91.04,0.0,7.95,0.61,0.4,0.12,0.0,0.14,5.99,0.0,2015
Barbados,9.33,16524.9,95.2,1.0,1.9,0.4,0.0,0.0,1.4,0.0,0.66,9.7,0.0,2015
Belarus,12.0,5967.05,71.2,0.2,28.6,0.0,0.0,0.0,0.0,0.0,0.11,11.76,28740.0,2015
Belgium,11.82,41008.3,64.25,5.9,29.0,0.0,0.2,0.2,0.0,0.3,0.81,11.89,18061.0,2015
Belize,6.74,4770.23,87.6,0.1,8.9,0.2,0.5,1.5,0.1,1.0,0.0,9.67,0.0,2015
Benin,2.97,1076.8,48.0,28.0,6.0,0.0,0.0,18.0,0.0,0.0,0.57,3.72,0.0,2015
Bhutan,0.42,2752.63,0.0,0.0,0.0,25.0,74.7,1.9,0.0,0.0,0.48,3.32,0.0,2015
Bolivia,4.64,3035.97,93.9,0.0,4.1,0.0,0.0,0.9,1.0,0.0,0.46,8.93,8262.0,2015
Bosnia and Herzegovina,6.92,4729.69,45.9,50.7,2.5,0.0,0.0,0.0,0.0,0.0,0.32,9.29,5369.0,2015
Botswana,6.86,6402.91,72.1,0.4,20.6,0.3,0.0,6.0,0.6,0.0,0.55,10.02,0.0,2015
Brazil,7.86,8813.99,95.9,0.02,7.9,0.0,0.1,2.8,0.2,0.06,0.8,7.51,270000.0,2015
Brunei,0.46,31164.04,9.4,75.1,0.4,0.5,8.6,6.2,0.1,0.0,0.0,9.02,0.0,2015
Bulgaria,12.34,7074.68,64.7,9.8,15.9,0.0,0.0,0.03,0.1,9.5,0.55,11.19,156800.0,2015
Burkina Faso,11.83,653.33,22.5,62.0,0.4,0.0,0.0,15.4,0.0,0.0,0.35,1.44,0.0,2015
Burundi,7.03,305.55,91.5,10.0,0.0,0.0,0.0,5.7,0.0,0.0,0.09,2.29,0.0,2015
Cambodia,6.37,1162.91,0.4,2.0,0.2,0.1,96.9,0.6,0.0,0.0,0.16,4.6,0.0,2015
Cameroon,6.17,1382.51,70.3,30.0,5.3,0.0,0.0,3.3,2.7,0.0,0.2,5.93,0.0,2015
Canada,8.88,43596.14,72.0,2.1,23.7,1.4,0.8,1.2,0.9,1.0,0.71,13.7,59790.0,2015
Cape Verde,5.95,3043.03,89.1,2.0,9.1,0.0,0.0,1.5,0.2,0.0,0.68,5.86,0.0,2015
Central African Republic,2.43,377.42,89.5,15.0,1.0,0.0,0.0,1.0,0.0,0.0,0.13,4.23,0.0,2015
Chad,1.45,776.02,40.6,58.0,2.5,0.0,0.0,1.4,0.1,0.0,0.12,2.22,0.0,2015
Chile,9.26,13574.17,89.4,0.0,8.6,0.0,0.06,1.5,0.2,0.1,0.82,10.26,1286686.0,2015
China,7.15,8016.43,0.0,0.0,0.0,0.0,0.0,0.0,0.0,0.0,0.16,7.2,1916347.0,2015
Colombia,5.78,6175.88,86.0,0.2,11.0,0.01,0.01,1.0,2.0,0.01,0.57,8.05,2426.0,2015
Comoros,0.88,1242.59,0.2,99.8,0.0,0.0,0.0,0.0,0.0,0.0,0.33,4.78,0.0,2015
Congo,7.9,2447.54,85.9,2.0,9.0,0.0,0.0,2.8,1.1,0.0,0.19,6.11,0.0,2015
Costa Rica,4.76,11642.78,90.9,0.0,7.9,0.0,0.0,0.8,0.3,0.0,0.86,8.58,0.0,2015
Cote d'Ivoire,2.61,1972.55,0.0,0.0,0.0,0.0,0.0,0.0,0.0,0.0,0.4,4.83,0.0,2015
Croatia,9.07,11933.38,87.46,1.32,6.39,0.0,0.0,0.0,1.87,3.86,0.66,11.66,47407.0,2015
Cuba,5.67,7694.01,59.2,0.0,23.0,0.2,0.0,17.4,0.0,0.0,0.1,11.92,11510.0,2015
Cyprus,10.76,23408.34,73.2,25.3,1.2,0.0,0.2,0.0,0.0,0.0,0.74,11.87,8945.0,2015
Czechia,14.25,17829.7,0.0,0.0,0.0,0.0,0.0,0.0,0.0,0.0,0.73,12.67,53600.0,2015
Democratic Republic of Congo,2.05,497.32,95.8,1.9,1.8,0.05,0.0,0.7,0.1,3e-05,0.15,6.49,0.0,2015
Denmark,10.36,53254.86,83.5,4.1,11.8,0.4,0.2,0.0,0.0,0.0,0.88,12.64,0.0,2015
Djibouti,0.49,2658.95,2.3,96.9,0.2,0.0,0.0,0.3,0.0,0.2,0.14,4.06,0.0,2015
Dominica,11.32,7597.29,94.4,0.1,0.5,0.0,0.1,3.0,1.7,0.0,0.0,7.98,0.0,2015
Dominican Republic,6.61,6921.52,88.0,0.0,10.9,0.0,0.0,0.9,0.1,0.0,0.41,7.72,0.0,2015
East Asia and Pacific,6.47,9579.47,0.0,0.0,0.0,0.0,0.0,0.0,0.0,0.0,0.0,,0.0,2015
Ecuador,4.98,6124.49,94.1,0.0,5.5,0.0,0.0,0.3,0.0,0.0,0.37,8.7,0.0,2015
Egypt,0.4,3562.93,11.2,88.9,0.0,0.0,0.0,0.0,0.0,0.1,0.12,8.57,5931.0,2015
El Salvador,3.59,3705.58,88.2,0.0,11.0,0.0,0.0,0.5,0.3,0.0,0.47,6.62,0.0,2015
Equatorial Guinea,9.08,11283.4,88.7,10.0,5.0,0.0,0.0,1.7,0.5,0.0,0.07,5.53,0.0,2015
Eritrea,1.42,12761.67788944724,50.0,48.0,0.1,0.0,0.0,0.4,0.0,0.0,0.02,4.69,0.0,2015
Estonia,12.39,17402.04,39.9,0.2,59.6,0.0,0.0,0.0,0.0,0.1,0.82,13.49,0.0,2015
Eswatini,9.84,3680.35,88.1,2.0,10.1,0.1,0.0,1.0,0.4,0.0,0.09,5.06,0.0,2015
Ethiopia,2.19,640.54,54.0,42.6,0.06,0.0,0.0,2.6,0.0,1.0,0.14,2.58,826.0,2015
Europe and Central Asia,10.09,22624.87,0.0,0.0,0.0,0.0,0.0,0.0,0.0,0.0,0.0,,0.0,2015
European Union,11.38,30485.03,0.0,0.0,0.0,0.0,0.0,0.0,0.0,0.0,0.0,,0.0,2015
Fiji,3.33,5390.71,64.4,6.4,0.8,27.9,0.0,0.0,0.5,0.0,0.3,10.35,0.0,2015
Finland,11.18,42801.91,81.6,0.8,17.6,0.0,0.0,0.0,0.0,0.0,0.8,12.63,0.0,2015
France,12.64,36652.92,63.0,7.5,28.0,0.05,0.5,0.3,0.2,0.5,0.82,11.33,4785700.0,2015
Gabon,9.57,7384.7,76.5,11.2,5.6,0.0,0.0,6.0,0.7,0.0,0.33,8.98,0.0,2015
Gambia,3.67,660.72,0.0,0.0,0.0,0.0,0.0,0.0,0.0,0.0,0.09,3.88,0.0,2015
Georgia,9.61,4014.19,88.5,10.7,0.7,0.0,0.0,0.0,0.0,0.0,0.54,12.72,75539.0,2015
Germany,13.06,41103.26,68.7,5.8,24.7,0.0,0.3,0.3,0.1,0.0,0.85,14.08,571794.0,2015
Ghana,3.12,1774.07,74.9,17.8,4.2,0.0,0.0,4.9,0.2,0.0,0.61,7.78,0.0,2015
Greece,10.49,18083.88,88.1,5.3,6.1,0.1,0.0,0.0,0.0,0.0,0.77,10.74,299558.0,2015
Grenada,9.07,9096.54,96.6,0.3,1.0,0.7,0.0,1.3,0.2,0.0,0.0,8.68,0.0,2015
Guatemala,2.55,3994.64,95.2,0.0,4.1,0.0,0.0,0.6,0.07,0.0,0.39,5.81,0.0,2015
Guinea,1.07,769.26,10.9,84.4,1.8,0.0,0.0,2.7,0.0,0.0,0.16,1.94,0.0,2015
Guinea-Bissau,5.05,603.4,20.0,45.2,4.0,0.0,0.0,28.0,0.0,0.0,0.29,3.38,0.0,2015
Guyana,7.35,5576.83,66.0,6.4,2.0,27.9,0.0,0.2,0.6,0.0,0.39,8.36,0.0,2015
Haiti,2.69,1386.85,86.9,0.0,10.6,0.0,0.0,2.2,0.3,0.0,0.27,5.25,0.0,2015
High income,9.76,40478.27,0.0,0.0,0.0,0.0,0.0,0.0,0.0,0.0,0.0,,0.0,2015
Honduras,3.49,2286.2,87.6,0.1,10.5,0.0,0.1,1.1,0.6,0.0,0.29,6.29,0.0,2015
Hungary,11.6,12720.71,81.0,0.0,18.6,0.0,0.0,0.1,0.0,0.0,0.38,11.85,300813.0,2015
Iceland,8.74,52951.68,95.0,0.2,3.5,0.3,0.4,0.5,0.2,0.0,0.7,13.18,0.0,2015
India,5.54,1605.61,2.3,14.23,0.24,79.8,0.7,0.0,1.04,1.72,0.42,6.25,0.0,2015
Indonesia,0.6,3331.7,10.53,83.91,3.04,1.69,0.73,0.04,0.02,0.0,0.59,7.91,0.0,2015
Iran,1.01,4904.33,0.4,96.5,1.5,0.0,0.0,0.0,1.6,0.0,0.19,10.21,0.0,2015
Iraq,0.37,4688.32,0.8,99.0,0.1,0.0,0.0,0.0,0.06,0.0,0.23,7.82,0.0,2015
Ireland,12.47,62012.48,85.14,1.32,10.12,0.29,0.2,0.0,0.2,0.05,0.8,11.29,0.0,2015
Israel,3.86,35808.44,2.0,18.6,3.1,0.0,0.3,0.2,0.1,75.6,0.57,12.96,2674.0,2015
Italy,7.59,30242.39,83.3,3.7,12.4,0.1,0.2,0.1,0.1,0.08,0.81,10.31,4874273.0,2015
Jamaica,4.19,4907.93,77.2,0.0,17.2,0.0,0.0,4.5,1.0,0.0,0.7,8.79,0.0,2015
Japan,7.87,34960.64,1.6,0.2,57.0,0.04,36.2,0.4,4.7,0.0,0.74,13.28,75869.0,2015
Jordan,0.69,4164.11,2.2,97.2,0.0,0.1,0.4,0.0,0.0,0.0,0.22,10.07,116.0,2015
Kazakhstan,4.66,10510.77,24.8,70.4,4.2,0.01,0.2,0.3,0.1,0.0,0.1,11.81,24205.0,2015
Kenya,2.77,1464.55,84.8,9.7,2.5,0.1,0.0,1.7,1.2,0.0,0.42,6.3,0.0,2015
Kiribati,0.52,1542.62,97.0,0.2,0.8,0.0,0.0,0.0,2.0,0.0,0.0,7.87,0.0,2015
Kuwait,0.0,29869.55,14.3,74.1,0.0,8.5,2.8,0.0,0.3,0.0,0.3,7.07,0.0,2015
Kyrgyzstan,7.59,1121.08,11.4,88.0,0.4,0.01,0.0,0.1,0.0,0.0,0.39,11.35,2644.0,2015
Laos,10.05,2140.04,1.5,0.0,0.9,0.01,66.0,30.7,0.7,0.0,0.05,5.03,0.0,2015
Latin America and Caribbean,6.62,8630.86,0.0,0.0,0.0,0.0,0.0,0.0,0.0,0.0,0.0,,0.0,2015
Latvia,12.64,13786.46,55.8,0.1,43.8,0.0,0.0,0.0,0.2,0.0,0.73,12.87,2090.0,2015
Lebanon,1.65,7663.92,47.3,55.3,0.3,0.0,0.2,0.0,0.0,0.0,0.41,8.5,9431.0,2015
Lesotho,4.8,1146.06,96.7,0.1,3.1,0.0,0.0,0.1,0.0,0.0,0.44,5.66,0.0,2015
Liberia,5.7,721.58,85.9,20.0,1.4,0.0,0.0,0.5,0.1,0.0,0.5,4.53,0.0,2015
Libya,0.03,4337.92,2.7,96.6,0.2,0.0,0.3,0.0,0.0,0.0,0.24,7.31,0.0,2015
Lithuania,15.38,14263.96,89.8,0.1,10.0,0.0,0.0,0.0,0.0,0.0,0.75,12.96,4377.0,2015
Low and middle income,5.54,4371.29,0.0,0.0,0.0,0.0,0.0,0.0,0.0,0.0,0.0,,0.0,2015
Low income,3.12,715.93,0.0,0.0,0.0,0.0,0.0,0.0,0.0,0.0,0.0,,0.0,2015
Lower middle income,4.43,2081.02,0.0,0.0,0.0,0.0,0.0,0.0,0.0,0.0,0.0,,0.0,2015
Luxembourg,13.18,105462.02,70.4,2.3,26.8,0.0,0.0,0.0,0.3,0.1,0.84,12.46,11069.0,2015
Madagascar,1.88,467.24,85.3,3.0,6.9,0.05,0.0,4.5,0.1,0.0,0.25,4.94,7707.0,2015
Malawi,3.62,380.6,82.7,13.0,2.5,0.0,0.0,1.7,0.0,0.0,0.43,4.12,0.0,2015
Malaysia,0.85,9955.24,9.2,63.2,0.7,6.5,17.7,2.3,0.2,0.0,0.25,10.26,0.0,2015
Maldives,2.07,9033.41,0.0,100.0,0.0,0.0,0.0,0.0,0.0,0.0,0.22,6.65,0.0,2015
Mali,1.25,751.47,3.2,95.0,0.6,0.0,0.0,1.2,0.0,0.0,0.44,1.87,0.0,2015
Malta,7.56,24921.6,97.0,0.2,2.5,0.2,0.0,0.0,0.0,0.0,0.63,11.21,2561.0,2015
Mauritania,0.03,1524.07,0.1,99.9,0.0,0.0,0.0,0.0,0.0,0.0,0.29,4.46,0.0,2015
Mauritius,3.94,9260.45,25.3,16.7,0.6,56.4,0.0,0.7,0.3,0.0,0.68,9.43,0.0,2015
Mexico,4.92,9616.65,95.1,0.01,4.7,0.0,0.07,0.06,0.02,0.06,0.49,8.6,42466.0,2015
Micronesia (country),2.44,2906.62,0.0,0.0,0.0,0.0,0.0,0.0,0.0,0.0,0.0,7.57,0.0,2015
Middle East and North Africa,0.81,7269.5,0.0,0.0,0.0,0.0,0.0,0.0,0.0,0.0,0.0,,0.0,2015
Middle income,5.74,4756.48,0.0,0.0,0.0,0.0,0.0,0.0,0.0,0.0,0.0,,0.0,2015
Moldova,11.87,2732.46,97.4,0.6,1.4,0.0,0.0,0.6,0.0,0.0,0.41,11.77,139506.0,2015
Mongolia,10.97,3875.32,2.3,3.2,35.9,0.01,55.1,3.5,0.0,0.0,0.57,9.73,75.0,2015
Montenegro,10.92,6514.27,78.1,18.7,3.2,0.0,0.0,0.0,0.0,0.0,0.37,11.72,15087.0,2015
Morocco,0.7,2875.26,0.06,99.9,0.0,0.0,0.0,0.0,0.01,0.04,0.26,5.38,38619.0,2015
Mozambique,2.19,589.86,56.7,18.0,17.9,0.0,0.0,7.4,0.0,0.0,0.31,3.19,0.0,2015
Myanmar,4.41,1196.74,7.6,4.0,0.5,2.1,80.0,5.8,0.2,0.0,0.31,5.81,0.0,2015
Namibia,5.23,4896.62,97.5,0.3,1.9,0.0,0.0,0.2,0.0,0.0,0.57,6.99,0.0,2015
Nauru,3.71,8341.01,79.0,0.01,4.5,0.0,1.1,8.1,7.4,0.0,0.0,8.512985074626863,0.0,2015
Nepal,2.05,901.75,0.45,4.6,0.0,84.0,10.0,3.7,0.07,0.0,0.43,4.5,0.0,2015
Netherlands,9.55,45193.4,50.6,6.0,42.1,0.5,0.2,0.2,0.2,0.2,0.81,12.14,0.0,2015
New Zealand,10.44,38630.73,37.0,1.31,48.47,2.63,1.12,0.4,3.27,0.11,0.77,13.23,234700.0,2015
Nicaragua,5.03,2049.85,85.8,0.0,12.5,0.0,0.0,1.4,0.1,0.0,0.18,6.68,0.0,2015
Niger,0.55,484.15,0.8,98.4,0.7,0.0,0.0,0.0,0.0,0.0,0.56,1.8,0.0,2015
Nigeria,10.81,2687.48,38.23,61.34,0.04,0.0,0.01,1.0,0.06,0.0,0.43,6.18,0.0,2015
North America,9.72,55542.96,0.0,0.0,0.0,0.0,0.0,0.0,0.0,0.0,0.51,8.512985074626863,3380469.0,2015
North Korea,3.82,12761.67788944724,2.0,0.0,71.3,0.0,1.5,12.3,12.9,0.0,0.01,8.512985074626863,0.0,2015
North Macedonia,5.93,4861.55,0.0,0.0,0.0,0.0,0.0,0.0,0.0,0.0,0.26,9.37,79708.0,2015
Norway,7.52,74355.52,84.7,3.7,10.1,0.5,0.6,0.0,0.2,0.0,0.87,12.77,0.0,2015
Oman,0.77,18444.93,6.5,85.9,0.2,5.5,0.8,0.0,1.0,0.0,0.07,9.55,0.0,2015
Pakistan,0.29,1356.67,1.27,96.47,0.0,2.14,0.0,0.0,0.01,0.01,0.31,5.16,0.0,2015
Panama,7.71,13630.3,93.0,0.7,4.8,0.0,0.2,0.4,0.4,0.4,0.63,9.98,73.0,2015
Papua New Guinea,1.39,2679.35,99.2,0.0,0.0,0.0,0.0,0.4,0.2,0.0,0.25,4.58,0.0,2015
Paraguay,7.26,5413.78,96.9,0.0,1.1,0.0,0.0,1.7,0.2,0.0,0.33,8.52,1491.0,2015
Peru,6.63,6229.1,93.0,0.0,6.5,0.0,0.2,1.0,0.3,0.0,0.61,9.09,74700.0,2015
Philippines,6.7,3001.04,85.0,5.5,0.1,0.01,1.5,1.5,0.1,0.03,0.5,8.8,0.0,2015
Poland,11.63,12578.5,94.3,0.0,5.6,0.0,0.0,0.0,0.0,0.0,0.71,12.92,0.0,2015
Portugal,11.88,19250.11,93.8,0.6,4.4,0.1,0.6,0.5,0.0,0.0,0.81,8.99,704467.0,2015
Qatar,1.62,63039.11,14.2,65.5,0.9,15.1,3.1,0.0,0.7,0.0,0.1,9.7,0.0,2015
Romania,11.64,8969.15,84.82,0.31,0.68,0.0,0.0,0.01,0.12,13.04,0.53,10.98,364573.0,2015
Russia,12.47,9313.01,73.3,10.0,16.2,0.0,0.1,0.2,0.0,0.2,0.14,12.53,400150.0,2015
Rwanda,9.26,751.08,93.4,4.8,3.6,0.0,0.0,1.0,0.2,0.0,0.21,4.13,0.0,2015
Saint Kitts and Nevis,8.88,18028.97,94.6,0.3,1.6,1.5,0.0,1.3,0.8,0.0,0.0,8.4,0.0,2015
Saint Lucia,9.96,10093.62,91.1,0.1,6.0,0.3,0.0,0.5,2.0,0.0,0.0,8.42,0.0,2015
Saint Vincent and the Grenadines,8.46,6921.7,88.7,1.5,2.5,3.4,0.0,2.0,2.0,0.0,0.0,9.86,0.0,2015
Samoa,2.59,4071.93,96.8,0.1,2.5,0.0,0.0,0.0,0.3,0.0,0.0,11.56,0.0,2015
Sao Tome and Principe,7.19,1584.78,0.0,0.0,0.0,0.0,0.0,0.0,0.0,0.0,0.55,5.62,0.0,2015
Saudi Arabia,0.2,20627.93,4.4,93.0,0.7,1.1,0.3,0.3,0.3,0.0,0.05,9.94,0.0,2015
Senegal,0.73,1219.25,5.0,92.0,0.2,0.0,0.0,2.8,0.0,0.0,0.61,2.81,0.0,2015
Serbia,8.7,5588.98,92.5,4.2,3.3,0.0,0.0,0.0,0.0,0.0,0.3,11.02,24088.0,2015
Seychelles,18.35,14745.34,94.0,1.1,2.1,2.1,0.0,0.0,0.6,0.0,0.36,10.3,0.0,2015
Sierra Leone,5.63,588.23,21.0,78.0,0.1,0.0,0.0,1.0,0.0,0.0,0.39,4.09,0.0,2015
Singapore,2.07,55646.62,18.2,14.3,16.4,6.0,33.9,2.3,9.7,0.0,0.36,11.57,0.0,2015
Slovakia,11.53,16342.22,68.8,0.1,23.8,0.02,0.1,0.04,0.7,6.5,0.64,12.64,28615.0,2015
Slovenia,12.74,20890.17,78.4,3.6,18.0,0.0,0.0,0.0,0.0,0.0,0.79,12.57,33662.0,2015
Solomon Islands,1.55,2167.12,97.4,0.1,0.2,0.0,0.3,1.3,0.7,0.0,0.36,5.44,0.0,2015
Somalia,0.01,386.44,0.01,99.8,0.0,0.0,0.0,0.0,0.0,0.0,0.12,8.512985074626863,0.0,2015
South Africa,9.61,6259.84,81.2,2.0,14.9,1.7,0.2,0.4,0.3,0.1,0.64,10.23,1123100.0,2015
South Asia,4.34,1543.05,0.0,0.0,0.0,0.0,0.0,0.0,0.0,0.0,0.0,,0.0,2015
South Korea,10.04,28732.23,29.4,0.2,46.4,0.11,22.9,0.8,0.2,0.0,0.57,12.12,0.0,2015
Spain,11.32,25742.37,78.6,2.1,19.0,0.04,0.0,0.04,0.02,0.1,0.75,9.91,3776916.0,2015
Sri Lanka,4.1,3843.78,0.0,0.0,0.0,30.6,70.3,0.0,0.0,0.0,0.45,10.46,0.0,2015
Sub-Saharan Africa,5.87,1688.33,0.0,0.0,0.0,0.0,0.0,0.0,0.0,0.0,0.0,,0.0,2015
Sudan,0.52,1329.64,5.4,90.7,1.0,0.0,0.0,2.8,0.0,0.0,0.08,3.62,0.0,2015
Suriname,5.81,9168.24,51.6,15.2,5.4,19.8,0.6,5.3,1.8,0.2,0.63,9.37,0.0,2015
Sweden,9.13,51545.48,76.2,4.6,27.0,0.2,0.4,0.2,0.2,0.1,0.88,12.35,0.0,2015
Switzerland,11.58,84776.14,81.3,5.5,11.9,0.4,0.4,0.0,0.1,0.3,0.87,13.71,85045.0,2015
Syria,0.28,916.36,5.2,92.8,2.0,0.0,0.0,0.0,0.0,0.0,0.02,5.06,51.0,2015
Tajikistan,3.11,978.4,1.6,96.7,1.5,0.01,0.0,0.0,0.0,0.0,0.05,11.35,90.0,2015
Tanzania,11.05,947.93,61.4,35.2,1.4,0.1,0.0,1.8,0.07,0.0,0.37,5.83,0.0,2015
Thailand,8.36,5840.05,0.9,5.5,0.3,0.2,93.2,0.09,0.0,0.0,0.03,8.18,0.0,2015
Timor,2.01,1332.79,0.0,0.0,0.0,0.0,0.0,0.0,0.0,0.0,0.43,5.27,0.0,2015
Togo,2.37,570.91,43.7,20.0,6.2,0.0,0.0,35.6,0.6,0.0,0.39,4.51,0.0,2015
Tonga,0.68,4336.24,99.0,0.1,0.0,0.1,0.0,0.0,0.8,0.0,0.0,11.27,0.0,2015
Trinidad and Tobago,6.88,18214.46,65.9,5.9,1.9,22.7,0.3,1.9,1.4,0.0,0.63,11.11,0.0,2015
Tunisia,1.99,4094.84,0.2,99.5,0.2,0.0,0.0,0.0,0.0,0.1,0.67,7.08,32500.0,2015
Turkey,2.12,11006.28,0.4,98.0,1.2,0.0,0.05,0.03,0.2,0.03,0.15,7.96,56017.0,2015
Turkmenistan,5.3,6432.69,6.4,93.0,0.5,0.0,0.0,0.0,0.0,0.0,0.03,11.12,38288.0,2015
Tuvalu,1.98,3197.77,99.8,0.2,0.0,0.0,0.0,0.0,0.0,0.0,0.0,10.0,0.0,2015
Uganda,15.14,847.27,86.7,11.5,0.5,0.3,0.0,0.9,0.1,0.0,0.27,5.51,0.0,2015
Ukraine,10.16,2124.66,83.8,1.2,14.7,0.0,0.0,0.0,0.0,0.1,0.35,11.16,91040.0,2015
United Arab Emirates,3.79,38663.4,14.0,70.0,1.1,10.0,2.0,0.0,0.8,0.0,0.09,10.67,0.0,2015
United Kingdom,11.21,45404.57,0.0,0.0,0.0,0.0,0.0,0.0,0.0,0.0,0.73,12.98,440.0,2015
United States,9.82,56863.37,78.3,0.9,16.4,0.6,1.2,0.2,0.6,1.8,0.85,13.25,3266630.0,2015
Upper middle income,7.18,8155.88,0.0,0.0,0.0,0.0,0.0,0.0,0.0,0.0,0.0,,0.0,2015
Uruguay,6.99,15613.75,57.9,0.0,40.7,0.0,0.0,0.8,0.3,0.3,0.83,8.67,66450.0,2015
Uzbekistan,2.59,2753.97,2.3,96.7,0.8,0.01,0.01,0.01,0.0,0.01,0.04,11.36,34545.0,2015
Vanuatu,2.14,2695.67,93.3,0.1,1.2,0.0,0.0,4.1,1.4,0.0,0.57,6.79,0.0,2015
Venezuela,6.82,12761.67788944724,89.3,0.3,10.0,0.0,0.0,0.2,0.07,0.0,0.07,9.64,0.0,2015
Vietnam,7.86,2085.1,8.2,0.2,29.6,0.21,16.4,45.3,0.4,0.0,0.21,8.04,7043.0,2015
World,6.3,10223.25,0.0,0.0,0.0,0.0,0.0,0.0,0.0,0.0,0.41,8.28,28490045.0,2015
Yemen,0.05,1601.83,0.2,99.1,0.1,0.6,0.0,0.0,0.0,0.0,0.05,3.0,0.0,2015
Zambia,6.89,1338.29,97.6,1.0,0.5,0.1,0.0,0.3,0.9,0.0,0.28,6.67,0.0,2015
Zimbabwe,4.92,1445.07,87.0,1.0,7.9,0.0,0.0,3.8,0.3,0.08,0.2,8.23,2316.0,2015
